Date,Site Hierarchy,Distribution Channel,EAN,UPC,Article Variant,Full / Reduced Price,Sales (Units),Sales Revenue Inc Vat
7/29/2023,TONBRIDGE SF (2001),SHOP YOUR WAY,5059595853824,24001311,000000022565238005,Full Price,1.00,22.00
7/29/2023,TONBRIDGE SF (2001),SHOP YOUR WAY,5059595853831,24001328,000000022565238006,Full Price,1.00,22.00
7/29/2023,E-Commerce (4501),DIRECT,5054409045600,24105972,000000022559992001,Full Price,1.00,79.00
7/29/2023,E-Commerce (4501),DIRECT,5054409404315,24625647,000000022560108006,Full Price,1.00,55.00
7/29/2023,E-Commerce (4501),DIRECT,5054409446407,24617475,000000022560037007,Full Price,1.00,55.00
7/29/2023,E-Commerce (4501),DIRECT,5054409489206,24615259,000000022560218004,Full Price,1.00,60.00
7/29/2023,E-Commerce (4501),DIRECT,5054409489732,24623254,000000022560091003,Full Price,1.00,59.00
7/29/2023,E-Commerce (4501),DIRECT,5054409490868,24625968,000000022560298003,Full Price,3.00,145.00
7/29/2023,E-Commerce (4501),DIRECT,5054409491117,24625272,000000022560256003,Full Price,2.00,90.00
7/29/2023,E-Commerce (4501),DIRECT,5054409525621,24621540,000000022560107005,Full Price,1.00,29.00
7/29/2023,E-Commerce (4501),DIRECT,5054409525676,24622493,000000022560207002,Full Price,-1.00,-29.00
7/29/2023,E-Commerce (4501),DIRECT,5054409623433,24551274,000000022560056005,Full Price,1.00,65.00
7/29/2023,E-Commerce (4501),DIRECT,5054409668090,24605502,000000022559863005,Reduced,1.00,33.00
7/29/2023,E-Commerce (4501),DIRECT,5054409816156,24605878,000000022560043003,Full Price,1.00,65.00
7/29/2023,E-Commerce (4501),DIRECT,5054409930463,24623148,000000022560287005,Full Price,3.00,120.00
7/29/2023,E-Commerce (4501),DIRECT,5054409930722,24627832,000000022560286005,Full Price,1.00,40.00
7/29/2023,E-Commerce (4501),DIRECT,5054409930838,24628655,000000022560289004,Full Price,0.00,0.00
7/29/2023,E-Commerce (4501),DIRECT,5054409930869,24628662,000000022560289005,Full Price,1.00,40.00
7/29/2023,E-Commerce (4501),DIRECT,5054409946990,24618465,000000022559968003,Reduced,2.00,42.00
7/29/2023,E-Commerce (4501),DIRECT,5054409947003,24618397,000000022559968002,Reduced,1.00,21.00
7/29/2023,E-Commerce (4501),DIRECT,5059595066323,24617901,000000022560006004,Reduced,-1.00,-21.00
7/29/2023,E-Commerce (4501),DIRECT,5059595086390,24614061,000000022560031006,Full Price,1.00,55.00
7/29/2023,E-Commerce (4501),DIRECT,5059595111849,24629270,000000022560328003,Full Price,1.00,22.00
7/29/2023,E-Commerce (4501),DIRECT,5059595130352,24631181,000000022560276005,Full Price,1.00,22.00
7/29/2023,E-Commerce (4501),DIRECT,5059595136927,24103756,000000022560036002,Full Price,1.00,49.00
7/29/2023,E-Commerce (4501),DIRECT,5059595184607,24620581,000000022561083003,Full Price,1.00,22.00
7/29/2023,E-Commerce (4501),DIRECT,5059595184614,24620604,000000022561083004,Full Price,2.00,44.00
7/29/2023,E-Commerce (4501),DIRECT,5059595184638,24620642,000000022561083006,Full Price,-1.00,-22.00
7/29/2023,E-Commerce (4501),DIRECT,5059595184652,24620659,000000022561083007,Full Price,1.00,22.00
7/29/2023,E-Commerce (4501),DIRECT,5059595184676,24621458,000000022560104003,Full Price,1.00,25.00
7/29/2023,E-Commerce (4501),DIRECT,5059595200192,24622387,000000022560119005,Full Price,1.00,49.00
7/29/2023,E-Commerce (4501),DIRECT,5059595223627,24613965,000000022559990002,Full Price,1.00,32.00
7/29/2023,E-Commerce (4501),DIRECT,5059595454403,24627948,000000022560231003,Reduced,0.00,0.00
7/29/2023,E-Commerce (4501),DIRECT,5059595456131,24145992,000000022561518012,Full Price,-1.00,-47.50
7/29/2023,E-Commerce (4501),DIRECT,5059595456261,24145251,000000022561516011,Full Price,-1.00,-47.50
7/29/2023,E-Commerce (4501),DIRECT,5059595479017,7002953,000000022566996004,Full Price,-1.00,-45.00
7/29/2023,E-Commerce (4501),DIRECT,5059595578468,24621687,000000022560307005,Full Price,1.00,55.00
7/29/2023,E-Commerce (4501),DIRECT,5059595669333,24623711,000000022560088005,Reduced,1.00,38.00
7/29/2023,E-Commerce (4501),DIRECT,5059595690597,24145763,000000022561517011,Full Price,2.00,95.00
7/29/2023,E-Commerce (4501),DIRECT,5059595737155,24612371,000000022560245001,Reduced,-1.00,-40.00
7/29/2023,E-Commerce (4501),DIRECT,5059595743613,24626972,000000022560105002,Reduced,1.00,36.00
7/29/2023,E-Commerce (4501),DIRECT,5059595744139,24384476,000000022562886005,Full Price,1.00,22.00
7/29/2023,E-Commerce (4501),DIRECT,5059595744344,24384889,000000022562889004,Full Price,1.00,22.00
7/29/2023,E-Commerce (4501),DIRECT,5059595744757,23885547,000000022563971003,Reduced,1.00,14.00
7/29/2023,E-Commerce (4501),DIRECT,5059595744764,23885530,000000022563971002,Reduced,-1.00,-14.00
7/29/2023,E-Commerce (4501),DIRECT,5059595752660,24625357,000000022560144004,Reduced,1.00,30.00
7/29/2023,E-Commerce (4501),DIRECT,5059595753001,24621328,000000022560309004,Full Price,1.00,69.00
7/29/2023,E-Commerce (4501),DIRECT,5059595753780,24386371,000000022562806003,Reduced,1.00,35.00
7/29/2023,E-Commerce (4501),DIRECT,5059595753919,20452308,000000022562678004,Full Price,1.00,69.00
7/29/2023,E-Commerce (4501),DIRECT,5059595755340,3451472,000000022562004004,Reduced,1.00,38.00
7/29/2023,E-Commerce (4501),DIRECT,5059595755364,3453926,000000022562004006,Reduced,1.00,38.00
7/29/2023,E-Commerce (4501),DIRECT,5059595755371,3455654,000000022562004007,Reduced,1.00,38.00
7/29/2023,E-Commerce (4501),DIRECT,5059595755937,24625807,000000022560221003,Full Price,1.00,45.00
7/29/2023,E-Commerce (4501),DIRECT,5059595758464,24624893,000000022560258003,Reduced,-2.00,-66.00
7/29/2023,E-Commerce (4501),DIRECT,5059595758488,24624947,000000022560258005,Reduced,1.00,33.00
7/29/2023,E-Commerce (4501),DIRECT,5059595758488,24624947,000000022560258005,Reduced,-1.00,-33.00
7/29/2023,E-Commerce (4501),DIRECT,5059595758556,24623612,000000022560259003,Reduced,1.00,30.00
7/29/2023,E-Commerce (4501),DIRECT,5059595759195,24613477,000000022559993005,Reduced,1.00,94.00
7/29/2023,E-Commerce (4501),DIRECT,5059595759287,24386159,000000022562738005,Full Price,-1.00,-79.00
7/29/2023,E-Commerce (4501),DIRECT,5059595761242,24602471,000000022559855003,Reduced,2.00,116.00
7/29/2023,E-Commerce (4501),DIRECT,5059595762874,24618519,000000022560064004,Reduced,1.00,46.00
7/29/2023,E-Commerce (4501),DIRECT,5059595762898,24618618,000000022560064006,Reduced,1.00,46.00
7/29/2023,E-Commerce (4501),DIRECT,5059595763062,24381888,000000022562729003,Full Price,1.00,55.00
7/29/2023,E-Commerce (4501),DIRECT,5059595763093,24382137,000000022562729005,Full Price,1.00,55.00
7/29/2023,E-Commerce (4501),DIRECT,5059595765424,24386722,000000022562727006,Full Price,1.00,49.00
7/29/2023,E-Commerce (4501),DIRECT,5059595765714,24605724,000000022560824002,Reduced,1.00,40.00
7/29/2023,E-Commerce (4501),DIRECT,5059595765721,24605748,000000022560824004,Reduced,-1.00,-40.00
7/29/2023,E-Commerce (4501),DIRECT,5059595768753,24627511,000000022560110004,Reduced,1.00,37.00
7/29/2023,E-Commerce (4501),DIRECT,5059595771456,24003131,000000022565064006,Full Price,2.00,80.00
7/29/2023,E-Commerce (4501),DIRECT,5059595771661,24623933,000000022560283006,Full Price,1.00,40.00
7/29/2023,E-Commerce (4501),DIRECT,5059595772156,24628532,000000022560284006,Full Price,1.00,40.00
7/29/2023,E-Commerce (4501),DIRECT,5059595772316,24615815,000000022560280004,Full Price,0.00,0.00
7/29/2023,E-Commerce (4501),DIRECT,5059595772385,24385305,000000022562817004,Full Price,1.00,40.00
7/29/2023,E-Commerce (4501),DIRECT,5059595772781,24381659,000000022562835006,Full Price,1.00,25.00
7/29/2023,E-Commerce (4501),DIRECT,5059595772804,24385442,000000022562828004,Full Price,1.00,25.00
7/29/2023,E-Commerce (4501),DIRECT,5059595772842,24385411,000000022562828001,Full Price,1.00,25.00
7/29/2023,E-Commerce (4501),DIRECT,5059595773443,24382724,000000022562826003,Full Price,1.00,25.00
7/29/2023,E-Commerce (4501),DIRECT,5059595773504,24381765,000000022562834004,Full Price,1.00,25.00
7/29/2023,E-Commerce (4501),DIRECT,5059595776246,24618182,000000022560066004,Reduced,1.00,73.00
7/29/2023,E-Commerce (4501),DIRECT,5059595776253,24617840,000000022560066005,Reduced,1.00,73.00
7/29/2023,E-Commerce (4501),DIRECT,5059595776673,24617536,000000022560065003,Reduced,1.00,38.00
7/29/2023,E-Commerce (4501),DIRECT,5059595776673,24617536,000000022560065003,Reduced,-1.00,-38.00
7/29/2023,E-Commerce (4501),DIRECT,5059595776703,24617741,000000022560065005,Reduced,0.00,0.00
7/29/2023,E-Commerce (4501),DIRECT,5059595779841,24629782,000000022560155004,Reduced,1.00,27.00
7/29/2023,E-Commerce (4501),DIRECT,5059595780922,24008815,000000022565109005,Full Price,1.00,22.00
7/29/2023,E-Commerce (4501),DIRECT,5059595782711,21553479,000000022563821003,Full Price,-1.00,-55.00
7/29/2023,E-Commerce (4501),DIRECT,5059595782872,21548512,000000022563820003,Full Price,1.00,59.00
7/29/2023,E-Commerce (4501),DIRECT,5059595783022,24622752,000000022560302004,Full Price,-1.00,-35.00
7/29/2023,E-Commerce (4501),DIRECT,5059595783039,24622806,000000022560302005,Full Price,1.00,35.00
7/29/2023,E-Commerce (4501),DIRECT,5059595783077,24627894,000000022560303005,Full Price,1.00,35.00
7/29/2023,E-Commerce (4501),DIRECT,5059595783138,6789503,000000022569600005,Full Price,2.00,70.00
7/29/2023,E-Commerce (4501),DIRECT,5059595784548,24615679,000000022560321004,Reduced,1.00,42.00
7/29/2023,E-Commerce (4501),DIRECT,5059595785408,24008952,000000022565108004,Full Price,1.00,35.00
7/29/2023,E-Commerce (4501),DIRECT,5059595785507,24008983,000000022565108007,Full Price,1.00,35.00
7/29/2023,E-Commerce (4501),DIRECT,5059595786108,24616317,000000022559983003,Reduced,1.00,38.00
7/29/2023,E-Commerce (4501),DIRECT,5059595786115,24616331,000000022559983004,Reduced,1.00,38.00
7/29/2023,E-Commerce (4501),DIRECT,5059595786269,24616409,000000022559984005,Reduced,1.00,33.00
7/29/2023,E-Commerce (4501),DIRECT,5059595793120,24614320,000000022560212005,Full Price,1.00,55.00
7/29/2023,E-Commerce (4501),DIRECT,5059595793144,24614306,000000022560212004,Full Price,-1.00,-55.00
7/29/2023,E-Commerce (4501),DIRECT,5059595793168,24614283,000000022560212003,Full Price,-1.00,-55.00
7/29/2023,E-Commerce (4501),DIRECT,5059595794950,23970601,000000022564927005,Full Price,1.00,59.00
7/29/2023,E-Commerce (4501),DIRECT,5059595795407,24382083,000000022562739003,Reduced,1.00,40.00
7/29/2023,E-Commerce (4501),DIRECT,5059595795421,24382298,000000022562739004,Reduced,1.00,40.00
7/29/2023,E-Commerce (4501),DIRECT,5059595795438,24382519,000000022562739005,Reduced,-1.00,-40.00
7/29/2023,E-Commerce (4501),DIRECT,5059595796336,23970670,000000022564929005,Full Price,1.00,59.00
7/29/2023,E-Commerce (4501),DIRECT,5059595806387,4856825,000000022567814004,Full Price,-1.00,-129.00
7/29/2023,E-Commerce (4501),DIRECT,5059595806448,5010202,000000022568432005,Full Price,1.00,129.00
7/29/2023,E-Commerce (4501),DIRECT,5059595810292,24549448,000000022559857005,Reduced,2.00,70.00
7/29/2023,E-Commerce (4501),DIRECT,5059595810711,24612890,000000022559997003,Reduced,1.00,45.00
7/29/2023,E-Commerce (4501),DIRECT,5059595811367,24628945,000000022560111005,Full Price,1.00,35.00
7/29/2023,E-Commerce (4501),DIRECT,5059595811442,23886278,000000022562594005,Full Price,1.00,35.00
7/29/2023,E-Commerce (4501),DIRECT,5059595811534,24615006,000000022560213004,Full Price,1.00,35.00
7/29/2023,E-Commerce (4501),DIRECT,5059595811541,24615013,000000022560213005,Full Price,1.00,35.00
7/29/2023,E-Commerce (4501),DIRECT,5059595811596,24615044,000000022560213007,Full Price,1.00,35.00
7/29/2023,E-Commerce (4501),DIRECT,5059595824176,23887701,000000022562549004,Full Price,1.00,45.00
7/29/2023,E-Commerce (4501),DIRECT,5059595824763,5855452,000000022569587004,Full Price,1.00,45.00
7/29/2023,E-Commerce (4501),DIRECT,5059595824794,23999848,000000022565094004,Full Price,1.00,45.00
7/29/2023,E-Commerce (4501),DIRECT,5059595825128,24381987,000000022562694004,Full Price,1.00,45.00
7/29/2023,E-Commerce (4501),DIRECT,5059595825135,24382564,000000022562694003,Full Price,1.00,69.00
7/29/2023,E-Commerce (4501),DIRECT,5059595830078,24613958,000000022560018005,Full Price,1.00,49.00
7/29/2023,E-Commerce (4501),DIRECT,5059595830849,23887770,000000022562555004,Reduced,-1.00,-45.00
7/29/2023,E-Commerce (4501),DIRECT,5059595830870,23887800,000000022562555007,Reduced,-1.00,-45.00
7/29/2023,E-Commerce (4501),DIRECT,5059595840602,21534584,000000022563815004,Reduced,-1.00,-55.00
7/29/2023,E-Commerce (4501),DIRECT,5059595840831,7001789,000000022566753005,Full Price,-1.00,-79.00
7/29/2023,E-Commerce (4501),DIRECT,5059595840848,7001888,000000022566753006,Full Price,-1.00,-79.00
7/29/2023,E-Commerce (4501),DIRECT,5059595840909,4933526,000000022567790005,Full Price,1.00,39.00
7/29/2023,E-Commerce (4501),DIRECT,5059595840978,7071454,000000022566694005,Full Price,1.00,39.00
7/29/2023,E-Commerce (4501),DIRECT,5059595841081,24004411,000000022565245003,Full Price,1.00,35.00
7/29/2023,E-Commerce (4501),DIRECT,5059595841432,24001113,000000022565020002,Full Price,0.00,0.00
7/29/2023,E-Commerce (4501),DIRECT,5059595841609,24001601,000000022565157006,Full Price,1.00,39.00
7/29/2023,E-Commerce (4501),DIRECT,5059595841616,24001595,000000022565157005,Full Price,1.00,39.00
7/29/2023,E-Commerce (4501),DIRECT,5059595842446,4708544,000000022567346006,Full Price,1.00,85.00
7/29/2023,E-Commerce (4501),DIRECT,5059595842460,4709107,000000022567346007,Full Price,1.00,85.00
7/29/2023,E-Commerce (4501),DIRECT,5059595848714,24004732,000000022565013001,Full Price,1.00,35.00
7/29/2023,E-Commerce (4501),DIRECT,5059595848745,24004763,000000022565013004,Full Price,1.00,35.00
7/29/2023,E-Commerce (4501),DIRECT,5059595852063,24001038,000000022565003005,Full Price,1.00,59.00
7/29/2023,E-Commerce (4501),DIRECT,5059595852568,6943028,000000022566698006,Full Price,-1.00,-129.00
7/29/2023,E-Commerce (4501),DIRECT,5059595852629,23999893,000000022565007004,Full Price,1.00,59.00
7/29/2023,E-Commerce (4501),DIRECT,5059595853381,24003414,000000022565240006,Full Price,2.00,44.00
7/29/2023,E-Commerce (4501),DIRECT,5059595853510,24003421,000000022565240007,Full Price,1.00,22.00
7/29/2023,E-Commerce (4501),DIRECT,5059595853770,24000338,000000022565237007,Full Price,1.00,22.00
7/29/2023,E-Commerce (4501),DIRECT,5059595853848,24001335,000000022565238007,Full Price,1.00,22.00
7/29/2023,E-Commerce (4501),DIRECT,5059595854401,24003353,000000022565155007,Full Price,1.00,22.00
7/29/2023,E-Commerce (4501),DIRECT,5059595854425,24002066,000000022565156003,Full Price,1.00,22.00
7/29/2023,E-Commerce (4501),DIRECT,5059595855132,23875807,000000022563816005,Full Price,1.00,89.00
7/29/2023,E-Commerce (4501),DIRECT,5059595858508,24383530,000000022562801006,Full Price,1.00,16.00
7/29/2023,E-Commerce (4501),DIRECT,5059595858515,5037582,000000022567813002,Full Price,1.00,16.00
7/29/2023,E-Commerce (4501),DIRECT,5059595858645,24386760,000000022562728003,Full Price,1.00,16.00
7/29/2023,E-Commerce (4501),DIRECT,5059595859017,24380980,000000022562725004,Reduced,-1.00,-29.00
7/29/2023,E-Commerce (4501),DIRECT,5059595859352,6998387,000000022566734007,Full Price,-1.00,-89.00
7/29/2023,E-Commerce (4501),DIRECT,5059595860754,7123269,000000022566790005,Full Price,1.00,69.00
7/29/2023,E-Commerce (4501),DIRECT,5059595867111,24385381,000000022562825005,Full Price,1.00,35.00
7/29/2023,E-Commerce (4501),DIRECT,5059595887164,24382359,000000022562840004,Full Price,1.00,25.00
7/29/2023,E-Commerce (4501),DIRECT,5059595888574,24381826,000000022562832003,Full Price,1.00,25.00
7/29/2023,E-Commerce (4501),DIRECT,5059595890874,24001236,000000022564999004,Full Price,1.00,27.00
7/29/2023,E-Commerce (4501),DIRECT,5059595894735,23949874,000000022563825002,Full Price,1.00,59.00
7/29/2023,E-Commerce (4501),DIRECT,5059595895060,6983949,000000022566818003,Full Price,-1.00,-29.00
7/29/2023,E-Commerce (4501),DIRECT,5059595895084,6984144,000000022566818005,Full Price,-1.00,-29.00
7/29/2023,E-Commerce (4501),DIRECT,5059595895114,6955120,000000022566817002,Full Price,1.00,29.00
7/29/2023,E-Commerce (4501),DIRECT,5059595895169,24088732,000000022568411002,Full Price,1.00,29.00
7/29/2023,E-Commerce (4501),DIRECT,5059595898092,7109744,000000022566828003,Full Price,1.00,59.00
7/29/2023,E-Commerce (4501),DIRECT,5059595898115,7110573,000000022566828004,Full Price,1.00,59.00
7/29/2023,E-Commerce (4501),DIRECT,5059595898245,7015311,000000022566811003,Full Price,1.00,29.00
7/29/2023,E-Commerce (4501),DIRECT,5059595898474,7011009,000000022566813002,Full Price,1.00,29.00
7/29/2023,E-Commerce (4501),DIRECT,5059595898528,7020117,000000022566812002,Full Price,1.00,29.00
7/29/2023,E-Commerce (4501),DIRECT,5059595898580,6927738,000000022566814003,Full Price,1.00,29.00
7/29/2023,E-Commerce (4501),DIRECT,5059595898580,6927738,000000022566814003,Full Price,-1.00,-29.00
7/29/2023,E-Commerce (4501),DIRECT,5059595898603,6929022,000000022566814004,Full Price,1.00,29.00
7/29/2023,E-Commerce (4501),DIRECT,5059595898603,6929022,000000022566814004,Full Price,-1.00,-29.00
7/29/2023,E-Commerce (4501),DIRECT,5059595898610,6929176,000000022566814005,Full Price,-1.00,-29.00
7/29/2023,E-Commerce (4501),DIRECT,5059595903406,5014644,000000022567782006,Full Price,1.00,69.00
7/29/2023,E-Commerce (4501),DIRECT,5059595903918,5023912,000000022567815004,Full Price,1.00,45.00
7/29/2023,E-Commerce (4501),DIRECT,5059595905059,5087716,000000022567789004,Full Price,1.00,45.00
7/29/2023,E-Commerce (4501),DIRECT,5059595913689,24002929,000000022565161005,Full Price,-1.00,-79.00
7/29/2023,E-Commerce (4501),DIRECT,5059595924982,4862307,000000022568431003,Full Price,1.00,89.00
7/29/2023,E-Commerce (4501),DIRECT,5059595931089,4713470,000000022567003004,Full Price,-1.00,-39.00
7/29/2023,E-Commerce (4501),DIRECT,5059595931195,4755517,000000022567004005,Full Price,-1.00,-39.00
7/29/2023,E-Commerce (4501),DIRECT,5059595944294,23970823,000000022564928006,Full Price,1.00,45.00
7/29/2023,E-Commerce (4501),DIRECT,5059595944300,23970830,000000022564928007,Full Price,1.00,45.00
7/29/2023,E-Commerce (4501),DIRECT,5059595944324,23970861,000000022564930003,Full Price,1.00,45.00
7/29/2023,E-Commerce (4501),DIRECT,5059595944348,23970878,000000022564930004,Full Price,1.00,45.00
7/29/2023,E-Commerce (4501),DIRECT,5059595944379,23970908,000000022564930007,Full Price,1.00,45.00
7/29/2023,E-Commerce (4501),DIRECT,5063013011727,7171994,000000022569682004,Full Price,1.00,69.00
7/29/2023,E-Commerce (4501),DIRECT,5063013057916,4990581,000000022567775002,Full Price,1.00,169.00
7/29/2023,E-Commerce (4501),DIRECT,5063013109929,5806171,000000022570827005,Full Price,1.00,39.00
7/29/2023,UPPER RD BELFAST SF (8947),SHOP YOUR WAY,5059595944102,23970717,000000022564931002,Full Price,1.00,45.00
7/29/2023,UPPER RD BELFAST SF (8947),SHOP YOUR WAY,5059595944263,23970786,000000022564928002,Full Price,1.00,45.00
7/29/2023,MAIDENHEAD (1070),SHOP YOUR WAY,5054409525690,24622523,000000022560207005,Full Price,1.00,29.00
7/29/2023,MAIDENHEAD (1070),SHOP YOUR WAY,5059595744320,24384872,000000022562889003,Full Price,1.00,22.00
7/29/2023,VANGARDE MONKS (1292),SHOP YOUR WAY,5059595754800,24626132,000000022560103002,Reduced,-1.00,-32.00
7/29/2023,VANGARDE MONKS (1292),SHOP YOUR WAY,5059595849834,24383295,000000022562733007,Full Price,1.00,65.00
7/29/2023,TRAFFORD CENTRE (4598),SHOP YOUR WAY,5059595737049,24616195,000000022560217004,Reduced,-1.00,-51.00
7/29/2023,TRAFFORD CENTRE (4598),SHOP YOUR WAY,5059595764793,24626729,000000022560541003,Reduced,-1.00,-49.00
7/29/2023,LYTHAM ST ANNES SF (2312),SHOP YOUR WAY,5059595753926,20452292,000000022562678003,Full Price,1.00,69.00
7/29/2023,LYTHAM ST ANNES SF (2312),SHOP YOUR WAY,5059595761259,24602464,000000022559855002,Reduced,-1.00,-58.00
7/29/2023,LOUGHTON SF (9124),SHOP YOUR WAY,5059595858508,24383530,000000022562801006,Full Price,1.00,16.00
7/29/2023,HAMILTON RETAIL PARK (1590),SHOP YOUR WAY,5059595876748,7048012,000000022566692004,Full Price,1.00,29.00
7/29/2023,HEMPSTEAD VALLEY. (2752),SHOP YOUR WAY,5054409971114,24612722,000000022560034004,Full Price,1.00,99.00
7/29/2023,MAYBIRD STRATFORD U AVON SF (0214),SHOP YOUR WAY,5059595900009,24382014,000000022562737003,Full Price,1.00,55.00
7/29/2023,MAYFLOWER BASILDON (1146),SHOP YOUR WAY,5059595669319,24623698,000000022560088003,Reduced,1.00,38.00
7/29/2023,MAYFLOWER BASILDON (1146),SHOP YOUR WAY,5059595786245,24616706,000000022559984003,Reduced,1.00,33.00
7/29/2023,MAYFLOWER BASILDON (1146),SHOP YOUR WAY,5059595820185,24605434,000000022559858005,Reduced,1.00,45.00
7/29/2023,MAYFLOWER BASILDON (1146),SHOP YOUR WAY,5059595830856,23887787,000000022562555005,Reduced,1.00,45.00
7/29/2023,STAMFORD SF (2833),SHOP YOUR WAY,5054409525621,24621540,000000022560107005,Full Price,-1.00,-29.00
7/29/2023,STAMFORD SF (2833),SHOP YOUR WAY,5059595759164,24613439,000000022559993002,Reduced,1.00,94.00
7/29/2023,CLAPHAM SOUTH SF (6800),SHOP YOUR WAY,5059595839231,24618113,000000022560042003,Full Price,1.00,65.00
7/29/2023,CHESHUNT (0097),SHOP YOUR WAY,5054409930456,24623124,000000022560287004,Full Price,1.00,40.00
7/29/2023,CHESHUNT (0097),SHOP YOUR WAY,5054409930494,24624596,000000022560290004,Full Price,1.00,40.00
7/29/2023,CHESHUNT (0097),SHOP YOUR WAY,5054409930616,24628099,000000022560285004,Full Price,1.00,40.00
7/29/2023,CHESHUNT (0097),SHOP YOUR WAY,5059595755630,24617086,000000022560062005,Reduced,1.00,38.00
7/29/2023,CHESHUNT (0097),SHOP YOUR WAY,5059595830849,23887770,000000022562555004,Reduced,-1.00,-45.00
7/29/2023,KENDAL (2008),SHOP YOUR WAY,5054409623440,24551298,000000022560056007,Full Price,1.00,65.00
7/29/2023,HESWALL SF (5827),SHOP YOUR WAY,5054409623440,24551298,000000022560056007,Full Price,1.00,65.00
7/29/2023,OADBY SF (6237),SHOP YOUR WAY,5054409525690,24622523,000000022560207005,Full Price,1.00,29.00
7/29/2023,BEXLEYHEATH (3191),SHOP YOUR WAY,5059595783657,23949683,000000022563817004,Full Price,-1.00,-79.00
7/29/2023,LONGWELL GREEN BRISTOL (0254),SHOP YOUR WAY,5059595184645,24620628,000000022561083005,Full Price,1.00,22.00
7/29/2023,ENFIELD (3214),SHOP YOUR WAY,5059595762362,23885691,000000022562553004,Reduced,1.00,45.00
7/29/2023,HAYLE (6127),SHOP YOUR WAY,5059595455950,24104975,000000022560090009,Full Price,-1.00,-47.50
7/29/2023,DOUGLAS (5429),SHOP YOUR WAY,5059595438007,24617673,000000022560058002,Reduced,1.00,42.00
7/29/2023,DOUGLAS (5429),SHOP YOUR WAY,5059595748779,24629096,000000022560333006,Full Price,1.00,45.00
7/29/2023,BURTON (1096),SHOP YOUR WAY,5059595229278,24629867,000000022560097005,Full Price,1.00,55.00
7/29/2023,BURTON (1096),SHOP YOUR WAY,5059595822950,24001656,000000022565208004,Full Price,1.00,42.00
7/29/2023,EALING BROADWAY (2613),SHOP YOUR WAY,5059595900023,24383271,000000022562737004,Full Price,-1.00,-55.00
7/29/2023,BROADSTONE (0778),SHOP YOUR WAY,5054409668007,24605472,000000022559863002,Reduced,1.00,33.00
7/29/2023,UDDINGSTON (1937),SHOP YOUR WAY,5059595849827,24382762,000000022562733006,Full Price,1.00,65.00
7/29/2023,M - S Direct (Warrington Grang (6185),DIRECT,5059595853404,24003407,000000022565240005,Full Price,1.00,22.00
7/29/2023,EVESHAM SF (1255),SHOP YOUR WAY,5059595813941,24614795,000000022560029004,Reduced,1.00,35.00
7/29/2023,EVESHAM SF (1255),SHOP YOUR WAY,5059595841562,24001557,000000022565157001,Full Price,1.00,39.00
7/29/2023,WHETSTONE SF (6457),SHOP YOUR WAY,5054409404339,24622929,000000022560208005,Full Price,1.00,55.00
7/29/2023,WHETSTONE SF (6457),SHOP YOUR WAY,5059595860754,7123269,000000022566790005,Full Price,1.00,69.00
7/29/2023,WHETSTONE SF (6457),SHOP YOUR WAY,5059595894735,23949874,000000022563825002,Full Price,-1.00,-59.00
7/29/2023,EPSOM (3227),SHOP YOUR WAY,5059595759164,24613439,000000022559993002,Reduced,-1.00,-94.00
7/29/2023,INTERCHANGE BEDFORD (1459),SHOP YOUR WAY,5059595759249,24386135,000000022562738003,Full Price,-1.00,-79.00
7/29/2023,LONDON COLNEY (4734),SHOP YOUR WAY,5059595691099,24145725,000000022561517009,Full Price,1.00,65.00
7/29/2023,LONDON COLNEY (4734),SHOP YOUR WAY,5059595758570,24623643,000000022560259005,Reduced,1.00,30.00
7/29/2023,DEEPDALE PRESTON (5115),SHOP YOUR WAY,5059595840602,21534584,000000022563815004,Reduced,-1.00,-55.00
7/29/2023,PENRITH (1888),SHOP YOUR WAY,5059595792123,24613323,000000022560214004,Full Price,1.00,49.00
7/29/2023,KINGS RD (2561),SHOP YOUR WAY,5059595792055,24613347,000000022560214006,Full Price,-1.00,-49.00
7/29/2023,NOTTINGHAM (0644),SHOP YOUR WAY,5059595049005,24613248,000000022560243003,Full Price,1.00,22.00
7/29/2023,NOTTINGHAM (0644),SHOP YOUR WAY,5059595124948,24615594,000000022560215003,Full Price,1.00,22.00
7/29/2023,NOTTINGHAM (0644),SHOP YOUR WAY,5059595744757,23885547,000000022563971003,Reduced,1.00,14.00
7/29/2023,NOTTINGHAM (0644),SHOP YOUR WAY,5059595745037,24384667,000000022563851003,Full Price,1.00,22.00
7/29/2023,NOTTINGHAM (0644),SHOP YOUR WAY,5059595758464,24624893,000000022560258003,Reduced,1.00,33.00
7/29/2023,NOTTINGHAM (0644),SHOP YOUR WAY,5059595758464,24624893,000000022560258003,Reduced,-1.00,-33.00
7/29/2023,LIVINGSTON (0108),SHOP YOUR WAY,5059595758495,24624954,000000022560258006,Reduced,1.00,33.00
7/29/2023,BANGOR NI (3777),SHOP YOUR WAY,5059595805199,24626873,000000022560220004,Reduced,1.00,33.00
7/29/2023,DUMFRIES (3285),SHOP YOUR WAY,5059595755685,24550314,000000022559856005,Reduced,-1.00,-40.00
7/29/2023,ARGYLE ST GLASGOW (0657),SHOP YOUR WAY,5059595753223,24620758,000000022560263003,Reduced,1.00,35.00
7/29/2023,AINTREE (0132),SHOP YOUR WAY,5059595162599,24620550,000000022560234003,Full Price,-1.00,-65.00
7/29/2023,TOLWORTH SF (3670),SHOP YOUR WAY,5059595811473,24612166,000000022560241002,Full Price,-1.00,-35.00
7/29/2023,TOLWORTH SF (3670),SHOP YOUR WAY,5059595811480,24612180,000000022560241003,Full Price,-1.00,-35.00
7/29/2023,TOLWORTH SF (3670),SHOP YOUR WAY,5059595841081,24004411,000000022565245003,Full Price,-1.00,-35.00
7/29/2023,TOLWORTH SF (3670),SHOP YOUR WAY,5059595865216,24383011,000000022562807002,Full Price,1.00,49.00
7/29/2023,EASTBOURNE (2804),SHOP YOUR WAY,5059595806455,5010356,000000022568432006,Full Price,-1.00,-129.00
7/29/2023,YATE SF (1220),SHOP YOUR WAY,5059595752677,24625364,000000022560144005,Reduced,2.00,60.00
7/29/2023,ORPINGTON NUGENT PARK (4747),SHOP YOUR WAY,5059595896012,7018732,000000022566829004,Full Price,-1.00,-39.00
7/29/2023,GRANTHAM SF (1403),SHOP YOUR WAY,5054409932665,24624220,000000022560270004,Full Price,1.00,25.00
7/29/2023,GRANTHAM SF (1403),SHOP YOUR WAY,5059595849803,24383035,000000022562733004,Full Price,-1.00,-65.00
7/29/2023,GRANTHAM SF (1403),SHOP YOUR WAY,5059595849810,24383196,000000022562733005,Full Price,-1.00,-65.00
7/29/2023,BRIDGWATER SF (0784),SHOP YOUR WAY,5059595753452,24619066,000000022560070004,Reduced,1.00,30.00
7/29/2023,BRIDGWATER SF (0784),SHOP YOUR WAY,5059595795407,24382083,000000022562739003,Reduced,1.00,40.00
7/29/2023,BRIDGWATER SF (0784),SHOP YOUR WAY,5059595795421,24382298,000000022562739004,Reduced,1.00,40.00
7/29/2023,PUDSEY (0301),SHOP YOUR WAY,5054409951888,24622097,000000022560235004,Reduced,1.00,16.00
7/29/2023,PUDSEY (0301),SHOP YOUR WAY,5059595762386,23885714,000000022562553006,Reduced,1.00,45.00
7/29/2023,WOLSTANTON STOKE (1366),SHOP YOUR WAY,5059595111849,24629270,000000022560328003,Full Price,-2.00,-22.00
7/29/2023,WOLSTANTON STOKE (1366),SHOP YOUR WAY,5059595130314,24631167,000000022560276003,Full Price,-1.00,-22.00
7/29/2023,MORPETH SANDERSON (0137),SHOP YOUR WAY,5059595130352,24631181,000000022560276005,Full Price,1.00,22.00
7/29/2023,DUNBLANE SF (0199),SHOP YOUR WAY,5059595111870,24629300,000000022560328006,Full Price,-2.00,-44.00
7/29/2023,DUNBLANE SF (0199),SHOP YOUR WAY,5059595130345,24631198,000000022560276006,Full Price,-1.00,-22.00
7/29/2023,DUNBLANE SF (0199),SHOP YOUR WAY,5059595858577,5044078,000000022567813007,Full Price,1.00,16.00
7/29/2023,DUNBLANE SF (0199),SHOP YOUR WAY,5059595885436,5875788,000000022569601006,Full Price,1.00,49.00
7/29/2023,BRACKNELL LEXICON (2099),SHOP YOUR WAY,5059595830863,23887794,000000022562555006,Reduced,1.00,45.00
7/29/2023,WORCESTER (0217),SHOP YOUR WAY,5054409930456,24623124,000000022560287004,Full Price,1.00,40.00
7/29/2023,WORCESTER (0217),SHOP YOUR WAY,5054409932542,24625999,000000022560323004,Full Price,1.00,25.00
7/29/2023,WORCESTER (0217),SHOP YOUR WAY,5054409932801,24626248,000000022560325004,Full Price,1.00,25.00
7/29/2023,BROMLEY (0903),SHOP YOUR WAY,5059595776253,24617840,000000022560066005,Reduced,-1.00,-73.00
7/29/2023,EDEN HIGH WYCOMBE (6363),SHOP YOUR WAY,5059595773573,24385022,000000022562839004,Full Price,1.00,25.00
7/29/2023,EDEN HIGH WYCOMBE (6363),SHOP YOUR WAY,5059595888352,24003605,000000022565708004,Full Price,1.00,25.00
7/29/2023,EDEN HIGH WYCOMBE (6363),SHOP YOUR WAY,5059595888499,24002981,000000022565087004,Full Price,1.00,25.00
7/29/2023,KINGSTON (1355),SHOP YOUR WAY,5059595752943,24621878,000000022560308003,Reduced,-1.00,-35.00
7/29/2023,ABBEY CENTRE BELFAST (6952),SHOP YOUR WAY,5054409668007,24605472,000000022559863002,Reduced,1.00,33.00
7/29/2023,RAYLEIGH SF. (1891),SHOP YOUR WAY,5059595783039,24622806,000000022560302005,Full Price,1.00,35.00
7/29/2023,RAYLEIGH SF. (1891),SHOP YOUR WAY,5059595783077,24627894,000000022560303005,Full Price,1.00,35.00
7/29/2023,RAYLEIGH SF. (1891),SHOP YOUR WAY,5059595783312,4986737,000000022568647005,Full Price,1.00,35.00
7/29/2023,RAYLEIGH SF. (1891),SHOP YOUR WAY,5059595931096,4713487,000000022567003005,Full Price,1.00,39.00
7/29/2023,HEATHFIELD AYR (1940),SHOP YOUR WAY,5059595783039,24622806,000000022560302005,Full Price,1.00,35.00
7/29/2023,HEATHFIELD AYR (1940),SHOP YOUR WAY,5059595783077,24627894,000000022560303005,Full Price,1.00,35.00
7/29/2023,HEATHFIELD AYR (1940),SHOP YOUR WAY,5059595783312,4986737,000000022568647005,Full Price,1.00,35.00
7/29/2023,WEST WICKHAM SF (7498),SHOP YOUR WAY,5054409951918,24622103,000000022560235005,Reduced,1.00,16.00
7/29/2023,WEST WICKHAM SF (7498),SHOP YOUR WAY,5059595765394,24386685,000000022562727003,Full Price,-1.00,-49.00
7/29/2023,WEST WICKHAM SF (7498),SHOP YOUR WAY,5059595915935,24000185,000000022565019005,Full Price,1.00,55.00
7/29/2023,KIDDERMINSTER (4323),SHOP YOUR WAY,5059595895077,6983963,000000022566818004,Full Price,1.00,29.00
7/29/2023,KIDDERMINSTER (4323),SHOP YOUR WAY,5059595895084,6984144,000000022566818005,Full Price,1.00,29.00
7/29/2023,KIDDERMINSTER (4323),SHOP YOUR WAY,5059595898603,6929022,000000022566814004,Full Price,1.00,29.00
7/29/2023,KIDDERMINSTER (4323),SHOP YOUR WAY,5059595898610,6929176,000000022566814005,Full Price,1.00,29.00
7/29/2023,WOKING (1568),SHOP YOUR WAY,5059595795438,24382519,000000022562739005,Reduced,1.00,40.00
7/29/2023,SOUTH WOODFORD SF. (6282),SHOP YOUR WAY,5059595753476,24618502,000000022560070006,Reduced,1.00,30.00
7/29/2023,SURBITON SF (6554),SHOP YOUR WAY,5059595438007,24617673,000000022560058002,Reduced,-1.00,-42.00
7/29/2023,SURBITON SF (6554),SHOP YOUR WAY,5059595784562,24615655,000000022560321002,Reduced,-1.00,-42.00
7/29/2023,FLEET SF (7744),SHOP YOUR WAY,5059595758396,24625401,000000022561001002,Reduced,1.00,36.00
7/29/2023,FLEET SF (7744),SHOP YOUR WAY,5059595758402,24625418,000000022561001003,Reduced,1.00,36.00
7/29/2023,BROOKLANDS (3803),SHOP YOUR WAY,5059595924135,5090938,000000022567794005,Full Price,-1.00,-79.00
7/29/2023,BLACKBURN (1957),SHOP YOUR WAY,5059595858676,24386784,000000022562728005,Full Price,1.00,16.00
7/29/2023,BLACKBURN (1957),SHOP YOUR WAY,5059595858676,24386784,000000022562728005,Full Price,-1.00,-16.00
7/29/2023,BECKENHAM SF (2574),SHOP YOUR WAY,5059595796312,23970656,000000022564929003,Full Price,1.00,59.00
7/29/2023,BECKENHAM SF (2574),SHOP YOUR WAY,5059595860747,7123191,000000022566790004,Full Price,-1.00,-69.00
7/29/2023,RIPON FH (2173),SHOP YOUR WAY,5059595736172,9990326,000000022562735001,Full Price,1.00,20.00
7/29/2023,EXMOUTH (2096),SHOP YOUR WAY,5054409946990,24618465,000000022559968003,Reduced,1.00,21.00
7/29/2023,MALDON SF (0200),SHOP YOUR WAY,5059595752653,24625340,000000022560144003,Reduced,1.00,30.00
7/29/2023,GUISBOROUGH (2171),SHOP YOUR WAY,5059595737148,24612494,000000022560245005,Reduced,1.00,40.00
7/29/2023,CULVERHOUSE CROSS (1193),SHOP YOUR WAY,5059595025085,23885622,000000022562552004,Full Price,1.00,49.00
7/29/2023,CULVERHOUSE CROSS (1193),SHOP YOUR WAY,5059595786283,24616454,000000022559984006,Reduced,1.00,33.00
7/29/2023,STRATFORD UPON AVON (3243),SHOP YOUR WAY,5059595795414,24381925,000000022562739002,Reduced,-1.00,-40.00
7/29/2023,STRATFORD UPON AVON (3243),SHOP YOUR WAY,5059595858553,5043125,000000022567813006,Full Price,1.00,16.00
7/29/2023,THE SPRINGS LEEDS (0918),SHOP YOUR WAY,5059595810308,24549455,000000022559857006,Reduced,1.00,35.00
7/29/2023,LLANISHEN CARDIFF SF (4860),SHOP YOUR WAY,5059595762355,23885684,000000022562553003,Reduced,1.00,45.00
7/29/2023,BIGGLESWADE RETAIL PARK (2017),SHOP YOUR WAY,5063013057923,4991908,000000022567775003,Full Price,1.00,169.00
7/29/2023,LOWER EARLEY SF (5076),SHOP YOUR WAY,5059595782896,21548819,000000022563820005,Full Price,1.00,59.00
7/29/2023,LOWER EARLEY SF (5076),SHOP YOUR WAY,5059595838500,24386241,000000022562721005,Full Price,1.00,69.00
7/29/2023,MORNINGSIDE EDINBURGH SF (6211),SHOP YOUR WAY,5059595858669,24386777,000000022562728004,Full Price,1.00,16.00
7/29/2023,EPPING SF. (0175),SHOP YOUR WAY,5059595753247,24620772,000000022560263005,Reduced,-1.00,-35.00
7/29/2023,EPPING SF. (0175),SHOP YOUR WAY,5059595763062,24381888,000000022562729003,Full Price,1.00,55.00
7/29/2023,MENAI BANGOR SF (9399),SHOP YOUR WAY,5059595783183,6786731,000000022569600002,Full Price,-1.00,-35.00
7/29/2023,TEESSIDE (6156),SHOP YOUR WAY,5059595779858,24629775,000000022560155003,Reduced,-1.00,-27.00
7/29/2023,TEESSIDE (6156),SHOP YOUR WAY,5059595779865,24629768,000000022560155002,Reduced,-1.00,-27.00
7/29/2023,HORSHAM (3298),SHOP YOUR WAY,5059595780892,24008785,000000022565109002,Full Price,1.00,22.00
7/29/2023,LOUGHBOROUGH SF (8879),SHOP YOUR WAY,5059595753780,24386371,000000022562806003,Reduced,-1.00,-35.00
7/29/2023,LOUGHBOROUGH SF (8879),SHOP YOUR WAY,5059595795254,24626545,000000022560295004,Reduced,-1.00,-35.00
7/29/2023,LOUGHBOROUGH SF (8879),SHOP YOUR WAY,5059595853725,24000253,000000022565237003,Full Price,1.00,22.00
7/29/2023,CHELTENHAM (2121),SHOP YOUR WAY,5059595868446,4707479,000000022567012006,Full Price,-1.00,-35.00
7/29/2023,SIXFIELDS NORTHAMPTON SF (1221),SHOP YOUR WAY,5059595785408,24008952,000000022565108004,Full Price,-2.00,-35.00
7/29/2023,SIXFIELDS NORTHAMPTON SF (1221),SHOP YOUR WAY,5059595867104,24385374,000000022562825004,Full Price,-1.00,-35.00
7/29/2023,STAINES TWO RIVERS FH (1492),SHOP YOUR WAY,5059595806486,4860464,000000022567814007,Full Price,1.00,129.00
7/29/2023,WHITSTABLE SF (1997),SHOP YOUR WAY,5059595783671,23949706,000000022563817006,Full Price,-1.00,-79.00
7/29/2023,PORTFIELD CHICHESTER (1992),SHOP YOUR WAY,5059595855064,23875739,000000022563818005,Full Price,-1.00,-89.00
7/29/2023,SEARS SOLIHULL (5357),SHOP YOUR WAY,5059595743743,24629348,000000022560205003,Reduced,1.00,39.00
7/29/2023,SEARS SOLIHULL (5357),SHOP YOUR WAY,5059595755630,24617086,000000022560062005,Reduced,1.00,38.00
7/29/2023,BRAEHEAD (4417),SHOP YOUR WAY,5059595894742,23949898,000000022563825004,Full Price,-1.00,-59.00
7/29/2023,OSWESTRY SF (4255),SHOP YOUR WAY,5059595894803,23949812,000000022563827003,Full Price,1.00,59.00
7/29/2023,TIVERTON SF (1928),SHOP YOUR WAY,5059595780939,24008822,000000022565109006,Full Price,1.00,22.00
7/29/2023,PURLEY WAY (1670),SHOP YOUR WAY,5059595066323,24617901,000000022560006004,Reduced,1.00,21.00
7/29/2023,NANTWICH SF (1212),SHOP YOUR WAY,5059595841487,24001199,000000022565020007,Full Price,1.00,79.00
7/29/2023,CANTERBURY (0709),SHOP YOUR WAY,5059595825210,24002127,000000022565093002,Full Price,-1.00,-50.08
7/29/2023,KENTON BAR (0432),SHOP YOUR WAY,5059595899525,24003797,000000022565246003,Full Price,1.00,55.00
7/29/2023,KENTON BAR (0432),SHOP YOUR WAY,5059595899525,24003797,000000022565246003,Full Price,-1.00,-55.00
7/29/2023,WALWORTH RD (0754),SHOP YOUR WAY,5059595795711,24002509,000000022565249005,Full Price,1.00,69.00
7/29/2023,SUTTON (1216),SHOP YOUR WAY,5059595924098,7012969,000000022566785004,Full Price,1.00,79.00
7/29/2023,CANVEY ISLAND SF (0785),SHOP YOUR WAY,5059595840985,7071850,000000022566694006,Full Price,1.00,39.00
7/29/2023,GRIMSBY (0741),SHOP YOUR WAY,5059595840831,7001789,000000022566753005,Full Price,1.00,79.00
7/29/2023,ELTHAM (2396),SHOP YOUR WAY,5059595895077,6983963,000000022566818004,Full Price,1.00,29.00
7/29/2023,ELTHAM (2396),SHOP YOUR WAY,5059595898580,6927738,000000022566814003,Full Price,1.00,29.00
7/29/2023,CROUCH END SF (7870),SHOP YOUR WAY,5059595858546,5042418,000000022567813005,Full Price,1.00,16.00
7/29/2023,SHOREHAM (3104),SHOP YOUR WAY,5063013058074,4994053,000000022567775006,Full Price,-1.00,-169.00
7/29/2023,SCUNTHORPE RP (1379),SHOP YOUR WAY,5059595840619,21539510,000000022563815005,Reduced,1.00,45.00
7/29/2023,LLANELLI PARC TROSTRE (0098),SHOP YOUR WAY,5059595853930,7086441,000000022566696003,Reduced,1.00,25.00
7/29/2023,CHESHIRE OAKS (0399),SHOP YOUR WAY,5059595454687,24623278,000000022560230003,Reduced,1.00,40.00
7/29/2023,BOURNE (0764),SHOP YOUR WAY,5059595852308,4850939,000000022567770007,Full Price,-1.00,-29.00
7/29/2023,TEMPLE FORTUNE SF (3696),SHOP YOUR WAY,5059595824893,5937424,000000022569586004,Full Price,1.00,45.00
7/29/2023,TEMPLE FORTUNE SF (3696),SHOP YOUR WAY,5059595824985,5006625,000000022567787004,Full Price,1.00,45.00
7/29/2023,PRINCESS PARK SF (3780),SHOP YOUR WAY,5059595737131,24612449,000000022560245003,Reduced,1.00,40.00
7/29/2023,DARTMOUTH SF (4190),SHOP YOUR WAY,5059595806387,4856825,000000022567814004,Full Price,1.00,129.00
7/29/2023,DARTMOUTH SF (4190),SHOP YOUR WAY,5059595806394,4859246,000000022567814005,Full Price,1.00,129.00
7/29/2023,CHEPSTOW SF (1917),SHOP YOUR WAY,5059595810247,24612401,000000022560005005,Reduced,1.00,45.00
7/29/2023,AYR (2024),SHOP YOUR WAY,5059595806455,5010356,000000022568432006,Full Price,-1.00,-129.00
7/29/2023,BATTERSEA POWER STATION (1633),SHOP YOUR WAY,5063013109882,5806041,000000022570827001,Full Price,1.00,39.00
7/29/2023,BATTERSEA POWER STATION (1633),SHOP YOUR WAY,5063013109905,5806058,000000022570827002,Full Price,1.00,39.00
7/29/2023,BIRMINGHAM (2626),SHOP YOUR WAY,5054409951819,24621601,000000022560115004,Reduced,1.00,13.00
7/29/2023,BIRMINGHAM (2626),SHOP YOUR WAY,5054409951888,24622097,000000022560235004,Reduced,1.00,16.00
7/29/2023,HAZEL GROVE SF (6224),SHOP YOUR WAY,5059595737179,24612418,000000022560245002,Reduced,1.00,40.00
7/29/2023,ORBITAL SWINDON (0106),SHOP YOUR WAY,5059595744702,24386005,000000022562723004,Reduced,1.00,12.00
7/29/2023,ORBITAL SWINDON (0106),SHOP YOUR WAY,5059595776239,24618564,000000022560066003,Reduced,1.00,73.00
7/29/2023,CHICHESTER SAT (3340),SHOP YOUR WAY,5059595759195,24613477,000000022559993005,Reduced,1.00,94.00
7/29/2023,EDGE LANE (2169),SHOP YOUR WAY,5059595784203,24551137,000000022559885005,Reduced,1.00,33.00
7/29/2023,STRATFORD CITY LONDON (0244),SHOP YOUR WAY,5054409947003,24618397,000000022559968002,Reduced,-1.00,-21.00
7/29/2023,BARNSTAPLE (1805),SHOP YOUR WAY,5054409946990,24618465,000000022559968003,Reduced,1.00,21.00
7/29/2023,BARNSTAPLE (1805),SHOP YOUR WAY,5059595768807,24624008,000000022560210003,Reduced,1.00,36.00
7/29/2023,COATBRIDGE FARA (5294),SHOP YOUR WAY,5059595755333,3450383,000000022562004003,Reduced,-1.00,-38.00
7/29/2023,ASHTON MOSS (1190),SHOP YOUR WAY,5059595066323,24617901,000000022560006004,Reduced,-1.00,-21.00
7/29/2023,STOCKTON HEATH (1920),SHOP YOUR WAY,5059595066323,24617901,000000022560006004,Reduced,1.00,21.00
7/29/2023,ALTRINCHAM (3036),SHOP YOUR WAY,5059595755418,24628440,000000022560150004,Reduced,1.00,39.00
7/29/2023,FORT WILLIAM (2097),SHOP YOUR WAY,5059595776703,24617741,000000022560065005,Reduced,1.00,38.00
7/29/2023,CROWNHILL PLYMOUTH SF (3515),SHOP YOUR WAY,5059595754800,24626132,000000022560103002,Reduced,1.00,32.00
7/29/2023,STROOD SF (2174),SHOP YOUR WAY,5059595795285,24626569,000000022560295005,Reduced,1.00,35.00
7/29/2023,BEXHILL (1231),SHOP YOUR WAY,5059595840640,21540820,000000022563815007,Reduced,1.00,45.00
,,,,,,,,