Source Site,UniqueIdentifier,Line Number,SKU,TransactionItemType,Quantity,ExternalTransactionReference,TransactionDateTime,TransactionItemSource
103,5653442630,1,1270315,SALE,1,010303-110037875,2023-08-30 10:49:16,AXPOS
103,5653442027,1,1273633,SALE,1,010303-110037876,2023-08-30 11:06:34,AXPOS
103,5653442028,2,1272395,SALE,1,010303-110037876,2023-08-30 11:06:34,AXPOS
103,5653442118,1,1265570,SALE,1,010303-110037877,2023-08-30 11:51:00,AXPOS
103,5653442119,2,1258900,SALE,1,010303-110037877,2023-08-30 11:51:00,AXPOS
103,5653442120,3,1261219,SALE,1,010303-110037877,2023-08-30 11:51:00,AXPOS
103,5653442452,1,1279442,SALE,1,010303-110037878,2023-08-30 13:15:53,AXPOS
103,5653442589,1,1269708,RETURN,1,010303-110037879,2023-08-30 13:37:06,AXPOS
103,5653442590,2,1267904,SALE,1,010303-110037879,2023-08-30 13:37:06,AXPOS
103,5653442709,1,1269708,SALE,1,010303-110037880,2023-08-30 14:25:43,AXPOS
103,5653442710,1,1268614,SALE,1,010303-110037881,2023-08-30 14:41:38,AXPOS
103,5653442863,1,1275860,SALE,1,010303-110037882,2023-08-30 15:43:04,AXPOS
103,5653443543,1,1239269,SALE,1,010303-110037883,2023-08-30 17:01:17,AXPOS
103,5653443544,1,1267222,SALE,1,010303-110037884,2023-08-30 17:08:53,AXPOS
103,5653443545,2,1167759,SALE,1,010303-110037884,2023-08-30 17:08:53,AXPOS
103,5653443546,3,1167819,SALE,1,010303-110037884,2023-08-30 17:08:53,AXPOS
103,5653443547,1,1252780,SALE,1,010303-110037885,2023-08-30 17:22:46,AXPOS
103,5653443396,1,1270842,RETURN,1,010303-120001842,2023-08-30 13:54:44,AXPOS
103,5653442864,1,1269562,RETURN,1,010303-120001843,2023-08-30 15:47:50,AXPOS
108,5653441844,1,1270975,RETURN,1,0108010810043047,2023-08-30 10:23:07,AXPOS
108,5653441845,2,1270974,SALE,1,0108010810043047,2023-08-30 10:23:07,AXPOS
108,5653442645,1,1272575,SALE,1,0108010810043048,2023-08-30 10:34:05,AXPOS
108,5653443520,1,1160556,SALE,1,0108010810043049,2023-08-30 15:59:43,AXPOS
109,5653442646,1,1280988,SALE,1,0109010910072321,2023-08-30 10:45:14,AXPOS
109,5653442140,1,1265409,SALE,1,0109010910072322,2023-08-30 11:25:00,AXPOS
109,5653442141,2,1274372,SALE,1,0109010910072322,2023-08-30 11:25:00,AXPOS
109,5653442142,3,1279467,SALE,1,0109010910072322,2023-08-30 11:25:00,AXPOS
109,5653442143,1,1271186,SALE,1,0109010910072323,2023-08-30 11:43:01,AXPOS
109,5653442144,2,1273408,SALE,1,0109010910072323,2023-08-30 11:43:01,AXPOS
109,5653442394,1,1186747,SALE,1,0109010910072324,2023-08-30 12:46:44,AXPOS
109,5653442395,2,1273656,SALE,1,0109010910072324,2023-08-30 12:46:44,AXPOS
109,5653442396,3,1167596,SALE,1,0109010910072324,2023-08-30 12:46:44,AXPOS
109,5653442397,4,1167582,SALE,1,0109010910072324,2023-08-30 12:46:44,AXPOS
109,5653442398,5,1267187,SALE,1,0109010910072324,2023-08-30 12:46:44,AXPOS
109,5653442505,1,1275355,RETURN,1,0109010910072325,2023-08-30 13:13:44,AXPOS
109,5653442506,2,1261021,SALE,1,0109010910072325,2023-08-30 13:13:44,AXPOS
109,5653443374,1,1267140,SALE,1,0109010910072326,2023-08-30 13:35:17,AXPOS
109,5653443375,2,1167758,SALE,1,0109010910072326,2023-08-30 13:35:17,AXPOS
109,5653443376,3,1167786,SALE,1,0109010910072326,2023-08-30 13:35:17,AXPOS
109,5653443378,2,1167612,SALE,1,0109010910072327,2023-08-30 13:37:12,AXPOS
109,5653442745,1,1186826,SALE,1,0109010910072328,2023-08-30 14:29:11,AXPOS
109,5653442746,1,1274251,SALE,1,0109010910072329,2023-08-30 14:35:54,AXPOS
109,5653442747,2,1257622,SALE,1,0109010910072329,2023-08-30 14:35:54,AXPOS
109,5653442867,1,1262096,SALE,1,0109010910072330,2023-08-30 15:26:22,AXPOS
109,5653442868,2,1262093,RETURN,1,0109010910072330,2023-08-30 15:26:22,AXPOS
109,5653443493,1,1239271,SALE,1,0109010910072331,2023-08-30 16:16:10,AXPOS
109,5653443494,2,1164930,SALE,1,0109010910072331,2023-08-30 16:16:10,AXPOS
109,5653443495,3,1268765,SALE,1,0109010910072331,2023-08-30 16:16:10,AXPOS
109,5653443497,2,1269584,RETURN,1,0109010910072332,2023-08-30 16:22:18,AXPOS
109,5653443498,3,1274256,SALE,1,0109010910072332,2023-08-30 16:22:18,AXPOS
113,5653442023,1,1266872,SALE,1,0113011310169825,2023-08-30 11:03:26,AXPOS
113,5653442024,2,1268343,SALE,1,0113011310169825,2023-08-30 11:03:26,AXPOS
113,5653442025,3,1266308,SALE,1,0113011310169825,2023-08-30 11:03:26,AXPOS
113,5653442105,1,1268925,RETURN,1,0113011310169827,2023-08-30 11:41:33,AXPOS
113,5653442106,2,1268922,SALE,1,0113011310169827,2023-08-30 11:41:33,AXPOS
113,5653442193,1,1266700,SALE,1,0113011310169828,2023-08-30 12:23:40,AXPOS
113,5653442296,1,1266102,SALE,1,0113011310169829,2023-08-30 12:25:26,AXPOS
113,5653442307,1,1271735,RETURN,1,0113011310169830,2023-08-30 12:40:32,AXPOS
113,5653442308,2,1271730,SALE,1,0113011310169830,2023-08-30 12:40:32,AXPOS
113,5653442309,3,1271047,SALE,1,0113011310169830,2023-08-30 12:40:32,AXPOS
113,5653442311,1,1269926,SALE,1,0113011310169831,2023-08-30 12:44:33,AXPOS
113,5653442312,1,1281760,SALE,1,0113011310169832,2023-08-30 12:46:33,AXPOS
113,5653442313,2,1267538,SALE,1,0113011310169832,2023-08-30 12:46:33,AXPOS
113,5653442314,1,1268343,SALE,1,0113011310169833,2023-08-30 12:50:16,AXPOS
113,5653443390,1,1233836,SALE,1,0113011310169834,2023-08-30 14:10:52,AXPOS
113,5653442704,1,1267580,SALE,1,0113011310169835,2023-08-30 14:41:44,AXPOS
113,5653442705,2,1267594,SALE,1,0113011310169835,2023-08-30 14:41:44,AXPOS
113,5653442706,3,1267587,SALE,1,0113011310169835,2023-08-30 14:41:44,AXPOS
113,5653442917,1,1269984,SALE,1,0113011310169836,2023-08-30 16:33:10,AXPOS
113,5653442918,2,1234359,SALE,1,0113011310169836,2023-08-30 16:33:10,AXPOS
113,5653442919,3,1273478,SALE,1,0113011310169836,2023-08-30 16:33:10,AXPOS
113,5653442920,4,1270178,SALE,1,0113011310169836,2023-08-30 16:33:10,AXPOS
113,5653442956,1,1265082,SALE,1,0113011310169837,2023-08-30 17:29:59,AXPOS
113,5653442108,2,1275751,SALE,1,011313-110166275,2023-08-30 11:47:52,AXPOS
113,5653442109,3,1275752,SALE,1,011313-110166275,2023-08-30 11:47:52,AXPOS
113,5653442191,1,1268312,SALE,1,011313-110166276,2023-08-30 11:54:36,AXPOS
113,5653442300,1,1255228,SALE,1,011313-110166278,2023-08-30 12:26:26,AXPOS
113,5653442301,2,1268882,SALE,1,011313-110166278,2023-08-30 12:26:26,AXPOS
113,5653442302,3,1255570,SALE,1,011313-110166278,2023-08-30 12:26:26,AXPOS
113,5653442303,4,1255584,SALE,1,011313-110166278,2023-08-30 12:26:26,AXPOS
113,5653442304,5,1270176,SALE,1,011313-110166278,2023-08-30 12:26:26,AXPOS
113,5653442305,6,1270183,SALE,1,011313-110166278,2023-08-30 12:26:26,AXPOS
113,5653442306,7,1269403,SALE,1,011313-110166278,2023-08-30 12:26:26,AXPOS
113,5653442453,1,1271713,SALE,1,011313-110166279,2023-08-30 13:08:32,AXPOS
113,5653442454,1,1266102,SALE,1,011313-110166280,2023-08-30 13:13:16,AXPOS
113,5653442455,1,1266290,SALE,1,011313-110166281,2023-08-30 13:15:49,AXPOS
113,5653443387,1,1281693,SALE,1,011313-110166282,2023-08-30 13:56:36,AXPOS
113,5653443388,2,1267591,SALE,1,011313-110166282,2023-08-30 13:56:36,AXPOS
113,5653443389,3,1260448,SALE,1,011313-110166282,2023-08-30 13:56:36,AXPOS
113,5653442840,1,1269425,SALE,1,011313-110166284,2023-08-30 15:26:27,AXPOS
113,5653442841,1,1272997,SALE,1,011313-110166285,2023-08-30 15:37:17,AXPOS
113,5653442842,2,1271744,SALE,1,011313-110166285,2023-08-30 15:37:17,AXPOS
113,5653442843,1,1263757,SALE,1,011313-110166286,2023-08-30 15:43:37,AXPOS
113,5653442192,1,1257116,RETURN,1,011313-120004668,2023-08-30 11:56:17,AXPOS
113,5653442670,1,1268597,RETURN,1,011313-120004669,2023-08-30 13:47:57,AXPOS
113,5653442778,1,1269726,RETURN,1,011313-120004670,2023-08-30 15:01:21,AXPOS
113,5653442779,2,1269726,SALE,1,011313-120004670,2023-08-30 15:01:21,AXPOS
113,5653443477,1,1281693,RETURN,1,011313-120004671,2023-08-30 16:17:42,AXPOS
113,5653443478,2,1267591,RETURN,1,011313-120004671,2023-08-30 16:17:42,AXPOS
113,5653443479,3,1260448,RETURN,1,011313-120004671,2023-08-30 16:17:42,AXPOS
114,5653441850,1,1265412,SALE,1,0114011410065012,2023-08-30 10:38:15,AXPOS
114,5653442201,2,1278326,SALE,1,0114011410065013,2023-08-30 11:55:50,AXPOS
114,5653442202,3,1167610,SALE,1,0114011410065013,2023-08-30 11:55:50,AXPOS
114,5653442203,4,1167582,SALE,1,0114011410065013,2023-08-30 11:55:50,AXPOS
114,5653442204,1,1167589,SALE,1,0114011410065014,2023-08-30 11:57:10,AXPOS
114,5653442205,1,1211560,SALE,1,0114011410065015,2023-08-30 12:24:27,AXPOS
114,5653442445,1,1217138,SALE,1,0114011410065016,2023-08-30 13:04:55,AXPOS
114,5653442769,1,1262705,SALE,1,0114011410065017,2023-08-30 15:24:14,AXPOS
114,5653442844,1,1217135,SALE,1,0114011410065018,2023-08-30 15:27:50,AXPOS
114,5653442845,1,1261489,SALE,1,0114011410065019,2023-08-30 15:50:14,AXPOS
114,5653442846,2,1261495,SALE,1,0114011410065019,2023-08-30 15:50:14,AXPOS
116,5653442020,1,1157110,SALE,1,011616-110012003,2023-08-30 11:07:13,AXPOS
116,5653442659,1,1274305,SALE,1,011616-110012004,2023-08-30 13:40:56,AXPOS
116,5653442660,2,1272573,SALE,1,011616-110012004,2023-08-30 13:40:56,AXPOS
116,5653442688,1,1260395,SALE,1,011616-110012005,2023-08-30 14:27:00,AXPOS
116,5653442689,1,1271185,SALE,1,011616-110012006,2023-08-30 14:34:00,AXPOS
116,5653443379,1,1272025,RETURN,1,011616-120000535,2023-08-30 14:08:20,AXPOS
118,5653441989,1,1271186,SALE,1,0118011810065483,2023-08-30 09:58:38,AXPOS
118,5653442595,1,1250287,SALE,1,0118011810065484,2023-08-30 13:37:23,AXPOS
118,5653443558,1,1271186,RETURN,1,0118011810065485,2023-08-30 17:10:40,AXPOS
118,5653443560,3,1271187,SALE,1,0118011810065485,2023-08-30 17:10:40,AXPOS
118,5653443561,1,1270913,SALE,1,0118011810065486,2023-08-30 17:12:45,AXPOS
118,5653443562,2,1273408,SALE,1,0118011810065486,2023-08-30 17:12:45,AXPOS
121,5653441952,1,1259335,SALE,1,0121012110063070,2023-08-30 10:14:50,AXPOS
121,5653441801,1,1213867,RETURN,1,0121012120007658,2023-08-30 09:41:44,AXPOS
121,5653441802,2,1213865,RETURN,1,0121012120007658,2023-08-30 09:41:44,AXPOS
121,5653441803,3,1268715,RETURN,1,0121012120007658,2023-08-30 09:41:44,AXPOS
121,5653441804,4,1167582,SALE,1,0121012120007658,2023-08-30 09:41:44,AXPOS
121,5653441805,5,1213867,SALE,1,0121012120007658,2023-08-30 09:41:44,AXPOS
121,5653441806,6,1213865,SALE,1,0121012120007658,2023-08-30 09:41:44,AXPOS
127,5653441986,1,1270317,SALE,1,0127012710074731,2023-08-30 10:15:46,AXPOS
127,5653442065,1,1202549,SALE,1,0127012710074732,2023-08-30 11:10:56,AXPOS
127,5653442066,2,1268478,SALE,1,0127012710074732,2023-08-30 11:10:56,AXPOS
127,5653442067,3,1271966,SALE,1,0127012710074732,2023-08-30 11:10:56,AXPOS
127,5653442071,1,1261488,SALE,1,0127012710074733,2023-08-30 11:16:33,AXPOS
127,5653442072,1,1260628,RETURN,1,0127012710074734,2023-08-30 11:18:31,AXPOS
127,5653442073,2,1260537,RETURN,1,0127012710074734,2023-08-30 11:18:31,AXPOS
127,5653442074,3,1273818,SALE,1,0127012710074734,2023-08-30 11:18:31,AXPOS
127,5653442129,1,1257547,SALE,1,0127012710074735,2023-08-30 11:52:26,AXPOS
127,5653442459,1,1265974,SALE,1,0127012710074737,2023-08-30 13:09:37,AXPOS
127,5653442591,1,1274362,RETURN,1,0127012710074738,2023-08-30 13:51:20,AXPOS
127,5653442592,2,1274365,SALE,1,0127012710074738,2023-08-30 13:51:20,AXPOS
127,5653442593,3,1269137,RETURN,1,0127012710074738,2023-08-30 13:51:20,AXPOS
127,5653442594,4,1269140,SALE,1,0127012710074738,2023-08-30 13:51:20,AXPOS
127,5653443397,1,1240137,SALE,1,0127012710074739,2023-08-30 14:03:25,AXPOS
127,5653443398,1,1217137,SALE,1,0127012710074740,2023-08-30 14:07:25,AXPOS
127,5653443399,1,1273796,SALE,1,0127012710074741,2023-08-30 14:21:54,AXPOS
127,5653443400,2,1265425,SALE,1,0127012710074741,2023-08-30 14:21:54,AXPOS
127,5653442780,1,1263036,SALE,1,0127012710074742,2023-08-30 14:57:08,AXPOS
127,5653442781,1,1279263,SALE,1,0127012710074743,2023-08-30 15:12:00,AXPOS
127,5653442782,1,1271187,SALE,1,0127012710074744,2023-08-30 15:13:40,AXPOS
127,5653442783,2,1217138,SALE,1,0127012710074744,2023-08-30 15:13:40,AXPOS
127,5653442857,1,1188025,SALE,1,0127012710074745,2023-08-30 15:27:30,AXPOS
127,5653442858,1,1239290,SALE,1,0127012710074746,2023-08-30 15:39:11,AXPOS
127,5653442859,2,1239277,SALE,1,0127012710074746,2023-08-30 15:39:11,AXPOS
127,5653443555,1,1186791,SALE,1,0127012710074747,2023-08-30 17:08:33,AXPOS
127,5653443556,2,1186826,SALE,1,0127012710074747,2023-08-30 17:08:33,AXPOS
127,5653442955,1,1264491,SALE,1,0127012710074748,2023-08-30 17:30:39,AXPOS
127,5653442075,1,1250806,RETURN,1,0127012720059877,2023-08-30 11:21:10,AXPOS
127,5653442076,2,1270317,RETURN,1,0127012720059877,2023-08-30 11:21:10,AXPOS
127,5653442077,3,1275872,RETURN,1,0127012720059877,2023-08-30 11:21:10,AXPOS
127,5653442078,4,1239307,SALE,1,0127012720059877,2023-08-30 11:21:10,AXPOS
127,5653442079,5,1239303,SALE,1,0127012720059877,2023-08-30 11:21:10,AXPOS
129,5653442357,1,1268483,SALE,1,0129012910046177,2023-08-30 12:53:26,AXPOS
129,5653442446,1,1167787,SALE,1,0129012910046178,2023-08-30 12:56:00,AXPOS
129,5653442447,2,1260540,SALE,1,0129012910046178,2023-08-30 12:56:00,AXPOS
129,5653442448,3,1260561,SALE,1,0129012910046178,2023-08-30 12:56:00,AXPOS
129,5653442451,1,1263805,SALE,1,0129012910046180,2023-08-30 13:23:48,AXPOS
129,5653443392,1,1188027,SALE,1,0129012910046181,2023-08-30 14:11:20,AXPOS
129,5653442703,1,1265321,SALE,1,0129012910046184,2023-08-30 14:48:26,AXPOS
129,5653441808,1,1268477,RETURN,1,0129012920005430,2023-08-30 09:42:56,AXPOS
129,5653441957,1,1266710,RETURN,1,0129012920005431,2023-08-30 09:57:44,AXPOS
129,5653441958,2,1255733,RETURN,1,0129012920005431,2023-08-30 09:57:44,AXPOS
129,5653441959,3,1262697,RETURN,1,0129012920005431,2023-08-30 09:57:44,AXPOS
129,5653442449,1,1269150,RETURN,1,0129012920005432,2023-08-30 13:03:56,AXPOS
129,5653443391,1,1262915,RETURN,1,0129012920005433,2023-08-30 14:04:05,AXPOS
129,5653442850,1,1239253,RETURN,1,0129012920005434,2023-08-30 15:26:02,AXPOS
131,5653442655,1,1215769,SALE,1,0131013110064379,2023-08-30 09:37:58,AXPOS
131,5653442656,2,1202542,SALE,1,0131013110064379,2023-08-30 09:37:58,AXPOS
131,5653442657,3,1268698,SALE,1,0131013110064379,2023-08-30 09:37:58,AXPOS
131,5653442658,1,1211008,SALE,1,0131013110064380,2023-08-30 10:24:54,AXPOS
131,5653442137,2,1265464,SALE,1,0131013110064381,2023-08-30 11:30:53,AXPOS
131,5653442138,1,1235562,SALE,1,0131013110064382,2023-08-30 11:49:12,AXPOS
131,5653443401,1,1186847,SALE,1,0131013110064383,2023-08-30 13:57:16,AXPOS
133,5653442139,1,1267659,SALE,1,0133013310156531,2023-08-30 11:38:57,AXPOS
133,5653442390,1,1272032,SALE,1,0133013310156532,2023-08-30 12:27:01,AXPOS
133,5653442391,1,1268853,SALE,1,0133013310156533,2023-08-30 12:52:19,AXPOS
133,5653442392,2,1263508,SALE,1,0133013310156533,2023-08-30 12:52:19,AXPOS
133,5653442393,1,1222302,SALE,1,0133013310156534,2023-08-30 12:53:23,AXPOS
133,5653442493,1,1256409,SALE,1,0133013310156535,2023-08-30 13:02:24,AXPOS
133,5653442494,1,1269948,SALE,1,0133013310156536,2023-08-30 13:03:31,AXPOS
133,5653442495,1,1268931,SALE,1,0133013310156537,2023-08-30 13:06:18,AXPOS
133,5653442496,2,1275752,SALE,1,0133013310156537,2023-08-30 13:06:18,AXPOS
133,5653442497,3,1269022,SALE,1,0133013310156537,2023-08-30 13:06:18,AXPOS
133,5653442498,4,1271446,SALE,1,0133013310156537,2023-08-30 13:06:18,AXPOS
133,5653442499,1,1254592,SALE,1,0133013310156538,2023-08-30 13:08:28,AXPOS
133,5653442500,2,1275739,SALE,1,0133013310156538,2023-08-30 13:08:28,AXPOS
133,5653442501,1,1271407,SALE,1,0133013310156539,2023-08-30 13:09:35,AXPOS
133,5653442502,2,1272015,SALE,1,0133013310156539,2023-08-30 13:09:35,AXPOS
133,5653442503,1,1271735,SALE,1,0133013310156540,2023-08-30 13:22:27,AXPOS
133,5653442604,1,1267579,SALE,1,0133013310156541,2023-08-30 13:29:23,AXPOS
133,5653442605,1,1271736,SALE,1,0133013310156542,2023-08-30 13:34:20,AXPOS
133,5653442606,1,1281759,SALE,1,0133013310156543,2023-08-30 13:35:03,AXPOS
133,5653442607,1,1256406,SALE,1,0133013310156544,2023-08-30 13:38:40,AXPOS
133,5653442608,1,1256409,SALE,1,0133013310156545,2023-08-30 13:39:39,AXPOS
133,5653442748,1,1277101,SALE,1,0133013310156546,2023-08-30 14:49:10,AXPOS
133,5653442793,1,1263718,SALE,1,0133013310156548,2023-08-30 15:20:25,AXPOS
133,5653442794,2,1267585,SALE,1,0133013310156548,2023-08-30 15:20:25,AXPOS
133,5653442866,1,1281760,SALE,1,0133013310156549,2023-08-30 15:31:19,AXPOS
133,5653443509,1,1228233,SALE,1,0133013310156550,2023-08-30 16:06:55,AXPOS
133,5653443522,1,1281682,SALE,1,0133013310156551,2023-08-30 16:49:09,AXPOS
133,5653443523,2,1267594,SALE,1,0133013310156551,2023-08-30 16:49:09,AXPOS
133,5653443524,3,1267587,SALE,1,0133013310156551,2023-08-30 16:49:09,AXPOS
133,5653443525,4,1267580,SALE,1,0133013310156551,2023-08-30 16:49:09,AXPOS
133,5653443566,1,1179948,SALE,1,0133013310156552,2023-08-30 16:55:11,AXPOS
133,5653443567,1,1267522,SALE,1,0133013310156553,2023-08-30 17:17:32,AXPOS
133,5653443000,1,1267671,SALE,1,0133013310156554,2023-08-30 17:56:24,AXPOS
133,5653443001,1,1256419,SALE,1,0133013310156555,2023-08-30 18:00:38,AXPOS
133,5653443002,1,1277555,SALE,1,0133013310156556,2023-08-30 18:01:55,AXPOS
133,5653443591,1,1273042,SALE,1,0133013310156557,2023-08-30 19:12:17,AXPOS
133,5653443592,1,1256198,SALE,1,0133013310156558,2023-08-30 19:15:50,AXPOS
133,5653443600,1,1281694,SALE,1,0133013310156559,2023-08-30 19:25:16,AXPOS
133,5653443009,1,1255221,SALE,1,0133013310156560,2023-08-30 19:58:38,AXPOS
134,5653442770,1,1223300,SALE,1,0134013410045376,2023-08-30 15:15:07,AXPOS
134,5653442771,2,1179891,SALE,1,0134013410045376,2023-08-30 15:15:07,AXPOS
136,5653442623,1,1265642,SALE,1,0136013610080599,2023-08-30 10:47:07,AXPOS
136,5653442624,2,1266710,SALE,1,0136013610080599,2023-08-30 10:47:07,AXPOS
136,5653442030,1,1265938,SALE,1,0136013610080600,2023-08-30 10:55:48,AXPOS
136,5653442206,1,1271187,SALE,1,0136013610080601,2023-08-30 12:17:09,AXPOS
136,5653442327,1,1213869,RETURN,1,0136013610080602,2023-08-30 12:48:36,AXPOS
136,5653442328,2,1167577,RETURN,1,0136013610080602,2023-08-30 12:48:36,AXPOS
136,5653442329,3,1167612,RETURN,1,0136013610080602,2023-08-30 12:48:36,AXPOS
136,5653442330,4,1274325,SALE,1,0136013610080602,2023-08-30 12:48:36,AXPOS
136,5653442331,5,1188240,SALE,1,0136013610080602,2023-08-30 12:48:36,AXPOS
136,5653442711,1,1265687,RETURN,1,0136013620007825,2023-08-30 14:37:24,AXPOS
139,5653442738,1,1186743,RETURN,1,0139013910063787,2023-08-30 14:52:55,AXPOS
139,5653442739,2,1186745,SALE,1,0139013910063787,2023-08-30 14:52:55,AXPOS
146,5653441809,1,1246463,SALE,1,0146014610063730,2023-08-30 09:53:02,AXPOS
146,5653441963,1,1167591,RETURN,1,0146014610063731,2023-08-30 10:06:56,AXPOS
146,5653441964,2,1167577,RETURN,1,0146014610063731,2023-08-30 10:06:56,AXPOS
146,5653441966,4,1167578,SALE,1,0146014610063731,2023-08-30 10:06:56,AXPOS
146,5653441967,5,1273781,SALE,1,0146014610063731,2023-08-30 10:06:56,AXPOS
146,5653441968,6,1267183,SALE,1,0146014610063731,2023-08-30 10:06:56,AXPOS
146,5653441969,7,1218717,SALE,1,0146014610063731,2023-08-30 10:06:56,AXPOS
146,5653442737,1,1235563,SALE,1,0146014610063732,2023-08-30 14:51:13,AXPOS
146,5653442627,1,1217139,RETURN,1,0146014620006535,2023-08-30 10:48:50,AXPOS
147,5653442865,1,1274321,SALE,1,014747-110039204,2023-08-30 15:31:40,AXPOS
147,5653442557,2,1266251,RETURN,1,014747-120039114,2023-08-30 13:26:48,AXPOS
147,5653442559,4,1263974,SALE,1,014747-120039114,2023-08-30 13:26:48,AXPOS
148,5653441956,1,1212772,SALE,1,0148014810085498,2023-08-30 10:23:30,AXPOS
148,5653442104,1,1260941,SALE,1,0148014810085499,2023-08-30 11:42:09,AXPOS
148,5653443382,1,1147853,SALE,1,0148014810085500,2023-08-30 14:00:43,AXPOS
148,5653442690,1,1250092,SALE,1,0148014810085501,2023-08-30 14:25:41,AXPOS
148,5653442691,1,1274243,SALE,1,0148014810085502,2023-08-30 14:35:32,AXPOS
148,5653442848,1,1262067,SALE,1,0148014810085503,2023-08-30 15:28:03,AXPOS
148,5653442849,2,1261307,SALE,1,0148014810085503,2023-08-30 15:28:03,AXPOS
148,5653441955,1,1263042,RETURN,1,0148014820084675,2023-08-30 10:16:44,AXPOS
149,5653442932,1,1260435,SALE,1,0149014910075434,2023-08-30 16:37:12,AXPOS
149,5653442933,2,1260463,SALE,1,0149014910075434,2023-08-30 16:37:12,AXPOS
149,5653442934,3,1260428,SALE,1,0149014910075434,2023-08-30 16:37:12,AXPOS
149,5653442795,1,1268586,RETURN,1,0149014920008069,2023-08-30 15:09:54,AXPOS
149,5653443569,2,1267182,RETURN,1,0149014920008070,2023-08-30 16:52:31,AXPOS
151,5653441810,1,1263717,SALE,1,0151015110160391,2023-08-30 09:44:31,AXPOS
151,5653442629,1,1256406,SALE,1,0151015110160392,2023-08-30 10:48:12,AXPOS
151,5653442224,1,1263755,SALE,1,0151015110160393,2023-08-30 12:09:46,AXPOS
151,5653442225,2,1271580,SALE,1,0151015110160393,2023-08-30 12:09:46,AXPOS
151,5653442674,1,1273979,SALE,1,0151015110160394,2023-08-30 13:40:37,AXPOS
151,5653443402,1,1271526,SALE,1,0151015110160395,2023-08-30 14:07:12,AXPOS
151,5653443403,1,1268106,SALE,1,0151015110160396,2023-08-30 14:08:43,AXPOS
151,5653443404,2,1270935,SALE,1,0151015110160396,2023-08-30 14:08:43,AXPOS
151,5653443406,2,1255481,SALE,1,0151015110160397,2023-08-30 14:10:51,AXPOS
151,5653442724,1,1275735,SALE,1,0151015110160398,2023-08-30 14:50:43,AXPOS
151,5653442725,1,1243571,SALE,1,0151015110160399,2023-08-30 14:51:15,AXPOS
151,5653442774,1,1256422,SALE,1,0151015110160400,2023-08-30 14:56:30,AXPOS
151,5653442775,1,1269959,SALE,1,0151015110160401,2023-08-30 15:21:35,AXPOS
151,5653443485,1,1267584,SALE,1,0151015110160402,2023-08-30 16:22:01,AXPOS
151,5653443486,2,1263731,SALE,1,0151015110160402,2023-08-30 16:22:01,AXPOS
151,5653442723,1,1264693,RETURN,1,0151015120005083,2023-08-30 14:46:48,AXPOS
151,5653442856,1,1259336,RETURN,1,0151015120005084,2023-08-30 15:42:47,AXPOS
153,5653441990,1,1241149,SALE,1,0153015310049552,2023-08-30 10:13:18,AXPOS
153,5653442260,1,1274790,SALE,1,0153015310049553,2023-08-30 12:15:09,AXPOS
153,5653442261,2,1274745,SALE,1,0153015310049553,2023-08-30 12:15:09,AXPOS
153,5653442262,3,1266985,SALE,1,0153015310049553,2023-08-30 12:15:09,AXPOS
153,5653442881,1,1235562,SALE,1,0153015310049555,2023-08-30 15:43:02,AXPOS
153,5653442882,2,1221562,SALE,1,0153015310049555,2023-08-30 15:43:02,AXPOS
153,5653442883,3,1268740,SALE,1,0153015310049555,2023-08-30 15:43:02,AXPOS
153,5653442886,6,1268529,SALE,1,0153015310049555,2023-08-30 15:43:02,AXPOS
153,5653442887,7,1268719,SALE,1,0153015310049555,2023-08-30 15:43:02,AXPOS
153,5653442789,1,1262699,RETURN,1,0153015320032853,2023-08-30 15:03:53,AXPOS
154,5653442621,2,1265705,RETURN,1,0154015410069476,2023-08-30 10:27:40,AXPOS
154,5653443381,1,1273773,SALE,1,0154015410069477,2023-08-30 14:17:59,AXPOS
154,5653443541,1,1234781,SALE,1,0154015410069478,2023-08-30 16:57:47,AXPOS
154,5653442022,1,1261203,RETURN,1,0154015420007714,2023-08-30 10:59:36,AXPOS
156,5653441820,1,1275401,SALE,1,0156015610087884,2023-08-30 09:51:36,AXPOS
156,5653442633,1,1272471,SALE,1,0156015610087885,2023-08-30 10:49:12,AXPOS
156,5653442634,2,1268022,SALE,1,0156015610087885,2023-08-30 10:49:12,AXPOS
156,5653442635,3,1268029,SALE,1,0156015610087885,2023-08-30 10:49:12,AXPOS
156,5653442636,4,1175663,SALE,1,0156015610087885,2023-08-30 10:49:12,AXPOS
156,5653442637,1,1211516,SALE,1,0156015610087886,2023-08-30 10:50:47,AXPOS
156,5653442638,2,1217006,SALE,1,0156015610087886,2023-08-30 10:50:47,AXPOS
156,5653442639,3,1266971,SALE,1,0156015610087886,2023-08-30 10:50:47,AXPOS
156,5653442640,4,1246495,SALE,1,0156015610087886,2023-08-30 10:50:47,AXPOS
156,5653442080,1,1277747,SALE,1,0156015610087887,2023-08-30 11:03:38,AXPOS
156,5653442081,2,1261019,SALE,1,0156015610087887,2023-08-30 11:03:38,AXPOS
156,5653442082,1,1267377,SALE,1,0156015610087888,2023-08-30 11:13:31,AXPOS
156,5653442083,1,1260691,SALE,1,0156015610087889,2023-08-30 11:19:10,AXPOS
156,5653442084,2,1260394,SALE,1,0156015610087889,2023-08-30 11:19:10,AXPOS
156,5653442160,1,1261205,SALE,1,0156015610087890,2023-08-30 11:46:59,AXPOS
156,5653442161,1,1283663,SALE,1,0156015610087891,2023-08-30 11:48:13,AXPOS
156,5653442265,1,1273795,SALE,1,0156015610087892,2023-08-30 12:02:51,AXPOS
156,5653442266,2,1188240,SALE,1,0156015610087892,2023-08-30 12:02:51,AXPOS
156,5653442267,3,1273610,SALE,1,0156015610087892,2023-08-30 12:02:51,AXPOS
156,5653442268,1,1275370,SALE,1,0156015610087893,2023-08-30 12:04:35,AXPOS
156,5653442269,2,1270892,SALE,1,0156015610087893,2023-08-30 12:04:35,AXPOS
156,5653442512,1,1260921,SALE,1,0156015610087894,2023-08-30 13:05:56,AXPOS
156,5653442513,1,1265975,SALE,1,0156015610087895,2023-08-30 13:22:27,AXPOS
156,5653442759,1,1277736,SALE,1,0156015610087896,2023-08-30 14:37:10,AXPOS
156,5653442760,2,1212772,RETURN,1,0156015610087896,2023-08-30 14:37:10,AXPOS
156,5653442880,1,1257577,SALE,1,0156015610087898,2023-08-30 15:25:18,AXPOS
161,5653442551,1,1272471,SALE,1,0161016110067874,2023-08-30 13:51:37,AXPOS
161,5653442552,2,1260414,SALE,1,0161016110067874,2023-08-30 13:51:37,AXPOS
161,5653442553,3,1261149,SALE,1,0161016110067874,2023-08-30 13:51:37,AXPOS
161,5653442853,1,1270380,SALE,1,0161016110067875,2023-08-30 15:28:15,AXPOS
161,5653442854,2,1272600,SALE,1,0161016110067875,2023-08-30 15:28:15,AXPOS
162,5653442617,1,1269238,SALE,1,0162016210068686,2023-08-30 10:10:07,AXPOS
162,5653442618,2,1269232,SALE,1,0162016210068686,2023-08-30 10:10:07,AXPOS
162,5653442619,3,1270900,SALE,1,0162016210068686,2023-08-30 10:10:07,AXPOS
162,5653442434,1,1266487,SALE,1,0162016210068687,2023-08-30 12:31:02,AXPOS
162,5653442435,1,1275403,SALE,1,0162016210068688,2023-08-30 12:42:50,AXPOS
162,5653442436,2,1261046,SALE,1,0162016210068688,2023-08-30 12:42:50,AXPOS
162,5653442437,3,1275358,SALE,1,0162016210068688,2023-08-30 12:42:50,AXPOS
162,5653442438,1,1245189,SALE,1,0162016210068689,2023-08-30 12:44:12,AXPOS
162,5653442439,1,1270984,SALE,1,0162016210068690,2023-08-30 12:45:27,AXPOS
162,5653443438,1,1287649,RETURN,1,0162016210068691,2023-08-30 14:05:22,AXPOS
162,5653443439,2,1186815,SALE,1,0162016210068691,2023-08-30 14:05:22,AXPOS
162,5653443440,1,1164298,SALE,1,0162016210068692,2023-08-30 14:14:36,AXPOS
162,5653442741,1,1270315,SALE,1,0162016210068693,2023-08-30 14:47:33,AXPOS
162,5653442796,1,1214566,SALE,1,0162016210068694,2023-08-30 15:17:01,AXPOS
162,5653442797,2,1251229,SALE,1,0162016210068694,2023-08-30 15:17:01,AXPOS
162,5653443507,1,1265972,SALE,1,0162016210068695,2023-08-30 16:12:02,AXPOS
162,5653443508,1,1265973,SALE,1,0162016210068696,2023-08-30 16:12:55,AXPOS
162,5653442951,1,1264002,RETURN,1,0162016210068697,2023-08-30 16:48:06,AXPOS
162,5653442965,1,1164925,SALE,1,0162016210068698,2023-08-30 17:25:40,AXPOS
163,5653442315,1,1160557,SALE,1,0163016310054708,2023-08-30 12:34:42,AXPOS
163,5653442316,1,1258912,RETURN,1,0163016310054709,2023-08-30 12:40:39,AXPOS
163,5653442676,1,1205713,SALE,1,0163016310054710,2023-08-30 13:42:24,AXPOS
163,5653443394,1,1264180,RETURN,1,0163016310054711,2023-08-30 14:14:39,AXPOS
163,5653443395,2,1264181,SALE,1,0163016310054711,2023-08-30 14:14:39,AXPOS
163,5653442947,1,1274791,SALE,1,0163016310054712,2023-08-30 16:26:49,AXPOS
163,5653442948,2,1269231,SALE,1,0163016310054712,2023-08-30 16:26:49,AXPOS
163,5653442949,3,1268385,SALE,1,0163016310054712,2023-08-30 16:26:49,AXPOS
163,5653442675,1,1269230,RETURN,1,0163016320007517,2023-08-30 13:39:59,AXPOS
164,5653441823,1,1274746,SALE,1,0164016410084615,2023-08-30 09:50:41,AXPOS
164,5653441848,1,1268630,SALE,1,0164016410084616,2023-08-30 10:22:48,AXPOS
164,5653443563,1,1257579,SALE,1,0164016410084617,2023-08-30 17:16:50,AXPOS
164,5653441821,1,1258090,RETURN,1,016464-110050612,2023-08-30 09:44:53,AXPOS
164,5653442641,1,1265384,SALE,1,016464-110050614,2023-08-30 10:43:35,AXPOS
164,5653442642,2,1269237,SALE,1,016464-110050614,2023-08-30 10:43:35,AXPOS
164,5653442643,3,1222400,SALE,1,016464-110050614,2023-08-30 10:43:35,AXPOS
164,5653442085,1,1272484,SALE,1,016464-110050615,2023-08-30 10:58:26,AXPOS
164,5653442159,2,1274753,SALE,1,016464-110050616,2023-08-30 11:45:10,AXPOS
164,5653442387,1,1270325,SALE,1,016464-110050617,2023-08-30 12:39:00,AXPOS
164,5653442388,2,1212774,SALE,1,016464-110050617,2023-08-30 12:39:00,AXPOS
164,5653442389,3,1274791,SALE,1,016464-110050617,2023-08-30 12:39:00,AXPOS
164,5653441824,1,1270857,RETURN,1,016464-120003869,2023-08-30 09:54:58,AXPOS
166,5653441960,1,1160553,SALE,1,0166016610082735,2023-08-30 09:56:57,AXPOS
166,5653441961,1,1263550,SALE,1,0166016610082736,2023-08-30 10:16:05,AXPOS
166,5653441962,1,1147856,SALE,1,0166016610082737,2023-08-30 10:17:28,AXPOS
166,5653442112,1,1236554,RETURN,1,0166016610082740,2023-08-30 11:34:02,AXPOS
166,5653442197,1,1213862,SALE,1,0166016610082744,2023-08-30 11:57:40,AXPOS
166,5653442198,2,1167605,SALE,2,0166016610082744,2023-08-30 11:57:40,AXPOS
166,5653442661,1,1267897,SALE,1,0166016610082746,2023-08-30 13:36:03,AXPOS
166,5653442662,2,1270890,SALE,1,0166016610082746,2023-08-30 13:36:03,AXPOS
166,5653442767,1,1266454,RETURN,1,0166016610082747,2023-08-30 14:55:08,AXPOS
166,5653442768,2,1265323,SALE,1,0166016610082747,2023-08-30 14:55:08,AXPOS
166,5653443476,1,1147820,SALE,1,0166016610082748,2023-08-30 16:07:04,AXPOS
166,5653442921,1,1258778,RETURN,1,016666-110040916,2023-08-30 16:32:39,AXPOS
166,5653442922,2,1258778,SALE,1,016666-110040916,2023-08-30 16:32:39,AXPOS
167,5653442086,1,1167578,SALE,1,0167016710086977,2023-08-30 11:22:39,AXPOS
167,5653442087,2,1167759,SALE,1,0167016710086977,2023-08-30 11:22:39,AXPOS
167,5653442088,3,1267127,SALE,1,0167016710086977,2023-08-30 11:22:39,AXPOS
167,5653442089,1,1267126,RETURN,1,0167016710086978,2023-08-30 11:23:56,AXPOS
167,5653442090,2,1260553,RETURN,1,0167016710086978,2023-08-30 11:23:56,AXPOS
167,5653442091,3,1260542,SALE,1,0167016710086978,2023-08-30 11:23:56,AXPOS
167,5653442092,4,1167761,SALE,1,0167016710086978,2023-08-30 11:23:56,AXPOS
167,5653442163,2,1274363,RETURN,1,0167016710086979,2023-08-30 11:47:02,AXPOS
167,5653442164,3,1274362,SALE,1,0167016710086979,2023-08-30 11:47:02,AXPOS
167,5653442263,1,1265891,SALE,1,0167016710086981,2023-08-30 12:03:46,AXPOS
167,5653442264,1,1272394,SALE,1,0167016710086982,2023-08-30 12:23:21,AXPOS
167,5653442429,1,1235563,SALE,1,0167016710086983,2023-08-30 12:49:59,AXPOS
167,5653442430,2,1235562,SALE,1,0167016710086983,2023-08-30 12:49:59,AXPOS
167,5653442517,1,1268818,SALE,1,0167016710086984,2023-08-30 13:02:51,AXPOS
167,5653442740,1,1167788,SALE,1,0167016710086985,2023-08-30 14:27:24,AXPOS
167,5653442790,1,1214027,SALE,1,0167016710086986,2023-08-30 15:17:11,AXPOS
170,5653442456,1,1263885,SALE,1,0170017010061852,2023-08-30 13:13:52,AXPOS
170,5653442708,1,1164274,RETURN,1,0170017020007854,2023-08-30 14:46:53,AXPOS
171,5653441997,1,1271980,SALE,1,0171017110057539,2023-08-30 10:39:57,AXPOS
171,5653442042,1,1270339,SALE,1,0171017110057540,2023-08-30 11:07:42,AXPOS
171,5653442240,1,1260855,SALE,1,0171017110057541,2023-08-30 12:18:44,AXPOS
171,5653442241,2,1257569,SALE,1,0171017110057541,2023-08-30 12:18:44,AXPOS
171,5653442242,3,1179887,SALE,1,0171017110057541,2023-08-30 12:18:44,AXPOS
171,5653442243,4,1269163,SALE,1,0171017110057541,2023-08-30 12:18:44,AXPOS
171,5653442245,6,1275395,SALE,1,0171017110057541,2023-08-30 12:18:44,AXPOS
171,5653442246,7,1266986,SALE,1,0171017110057541,2023-08-30 12:18:44,AXPOS
171,5653442247,8,1275357,SALE,1,0171017110057541,2023-08-30 12:18:44,AXPOS
171,5653442248,9,1260534,SALE,1,0171017110057541,2023-08-30 12:18:44,AXPOS
171,5653442504,1,1164894,SALE,1,0171017110057542,2023-08-30 12:57:51,AXPOS
171,5653442666,1,1263537,SALE,1,0171017110057544,2023-08-30 13:44:52,AXPOS
171,5653442743,1,1265647,SALE,1,0171017110057545,2023-08-30 14:36:16,AXPOS
171,5653442744,2,1268748,SALE,1,0171017110057545,2023-08-30 14:36:16,AXPOS
171,5653442742,1,1254768,RETURN,1,0171017120006401,2023-08-30 14:23:24,AXPOS
172,5653442238,1,1164884,SALE,1,0172017210050261,2023-08-30 12:00:29,AXPOS
172,5653442862,1,1237936,SALE,1,0172017210050262,2023-08-30 15:33:46,AXPOS
172,5653442929,1,1264217,SALE,1,0172017210050264,2023-08-30 16:27:55,AXPOS
172,5653442931,3,1274449,SALE,1,0172017210050264,2023-08-30 16:27:55,AXPOS
173,5653441970,1,1223708,SALE,1,0173017310040670,2023-08-30 10:18:59,AXPOS
173,5653442628,1,1269228,SALE,1,0173017310040671,2023-08-30 10:37:56,AXPOS
173,5653442209,1,1264838,SALE,1,0173017310040672,2023-08-30 11:54:47,AXPOS
173,5653442210,2,1259574,SALE,1,0173017310040672,2023-08-30 11:54:47,AXPOS
173,5653442479,1,1267913,SALE,1,0173017310040673,2023-08-30 13:16:20,AXPOS
173,5653442480,2,1268787,SALE,1,0173017310040673,2023-08-30 13:16:20,AXPOS
173,5653442481,3,1259720,SALE,1,0173017310040673,2023-08-30 13:16:20,AXPOS
173,5653442482,4,1259714,SALE,1,0173017310040673,2023-08-30 13:16:20,AXPOS
173,5653442483,5,1259703,SALE,1,0173017310040673,2023-08-30 13:16:20,AXPOS
173,5653442484,6,1260432,SALE,1,0173017310040673,2023-08-30 13:16:20,AXPOS
173,5653442485,7,1267166,SALE,1,0173017310040673,2023-08-30 13:16:20,AXPOS
173,5653442486,8,1278326,SALE,1,0173017310040673,2023-08-30 13:16:20,AXPOS
173,5653442487,9,1167596,SALE,1,0173017310040673,2023-08-30 13:16:20,AXPOS
173,5653442488,10,1267215,SALE,1,0173017310040673,2023-08-30 13:16:20,AXPOS
173,5653442489,11,1260516,SALE,1,0173017310040673,2023-08-30 13:16:20,AXPOS
173,5653442490,12,1260502,SALE,1,0173017310040673,2023-08-30 13:16:20,AXPOS
173,5653442491,13,1267899,SALE,1,0173017310040673,2023-08-30 13:16:20,AXPOS
173,5653442492,14,1267892,SALE,1,0173017310040673,2023-08-30 13:16:20,AXPOS
175,5653442647,1,1264916,SALE,1,0175017510059776,2023-08-30 10:46:48,AXPOS
175,5653442166,1,1267164,SALE,1,0175017510059778,2023-08-30 11:33:04,AXPOS
175,5653442167,2,1267185,SALE,1,0175017510059778,2023-08-30 11:33:04,AXPOS
175,5653442169,4,1267932,SALE,1,0175017510059778,2023-08-30 11:33:04,AXPOS
175,5653442684,1,1260491,SALE,1,0175017510059779,2023-08-30 13:39:58,AXPOS
175,5653442891,1,1268182,RETURN,1,0175017520005845,2023-08-30 15:24:43,AXPOS
175,5653442893,3,1188173,SALE,1,0175017520005845,2023-08-30 15:24:43,AXPOS
175,5653442896,6,1258675,RETURN,1,0175017520005845,2023-08-30 15:24:43,AXPOS
176,5653442156,1,1264027,SALE,1,0176017610045043,2023-08-30 11:45:45,AXPOS
176,5653442157,2,1269857,SALE,1,0176017610045043,2023-08-30 11:45:45,AXPOS
176,5653442383,1,1270897,SALE,1,0176017610045044,2023-08-30 12:30:29,AXPOS
176,5653442384,2,1211560,SALE,1,0176017610045044,2023-08-30 12:30:29,AXPOS
176,5653443429,1,1202541,SALE,1,0176017610045045,2023-08-30 14:03:08,AXPOS
176,5653443430,2,1167817,SALE,1,0176017610045045,2023-08-30 14:03:08,AXPOS
176,5653443431,3,1167789,SALE,1,0176017610045045,2023-08-30 14:03:08,AXPOS
176,5653443432,4,1167761,SALE,1,0176017610045045,2023-08-30 14:03:08,AXPOS
176,5653443433,1,1223709,SALE,1,0176017610045046,2023-08-30 14:07:36,AXPOS
176,5653442784,1,1271184,SALE,1,0176017610045047,2023-08-30 15:15:34,AXPOS
176,5653443506,1,1271917,SALE,1,0176017610045048,2023-08-30 16:12:10,AXPOS
177,5653442355,1,1268518,RETURN,1,0177017710061674,2023-08-30 12:31:39,AXPOS
177,5653442718,1,1275179,SALE,1,0177017710061675,2023-08-30 14:27:45,AXPOS
177,5653442719,2,1270264,SALE,1,0177017710061675,2023-08-30 14:27:45,AXPOS
177,5653442720,3,1265601,SALE,1,0177017710061675,2023-08-30 14:27:45,AXPOS
177,5653442721,4,1215770,SALE,1,0177017710061675,2023-08-30 14:27:45,AXPOS
177,5653443503,1,1269232,SALE,1,0177017710061676,2023-08-30 16:13:16,AXPOS
177,5653443504,2,1270893,SALE,1,0177017710061676,2023-08-30 16:13:16,AXPOS
177,5653443505,3,1270900,SALE,1,0177017710061676,2023-08-30 16:13:16,AXPOS
178,5653441987,1,1272689,RETURN,1,0178017810063252,2023-08-30 10:17:30,AXPOS
179,5653442554,1,1261539,SALE,1,0179017910073692,2023-08-30 13:40:57,AXPOS
179,5653442555,2,1208734,SALE,1,0179017910073692,2023-08-30 13:40:57,AXPOS
179,5653442847,1,1257977,SALE,1,0179017910073693,2023-08-30 15:32:15,AXPOS
181,5653442032,1,1260483,SALE,1,0181018110054607,2023-08-30 11:23:45,AXPOS
181,5653443393,1,1265026,SALE,1,0181018110054608,2023-08-30 14:16:54,AXPOS
182,5653442021,1,1256528,SALE,1,0182018210193259,2023-08-30 11:11:19,AXPOS
182,5653442295,1,1256482,SALE,1,0182018210193260,2023-08-30 12:42:07,AXPOS
182,5653442443,1,1255187,SALE,1,0182018210193261,2023-08-30 12:57:11,AXPOS
182,5653442444,1,1255423,SALE,1,0182018210193262,2023-08-30 13:00:52,AXPOS
182,5653442699,1,1267658,SALE,1,0182018210193263,2023-08-30 14:34:40,AXPOS
182,5653442837,1,1272215,SALE,1,0182018210193264,2023-08-30 15:26:47,AXPOS
182,5653442838,2,1270181,SALE,1,0182018210193264,2023-08-30 15:26:47,AXPOS
182,5653442839,1,1265964,SALE,1,0182018210193265,2023-08-30 15:27:36,AXPOS
182,5653443540,1,1243587,SALE,1,0182018210193267,2023-08-30 17:09:36,AXPOS
182,5653442983,1,1269528,SALE,1,0182018210193268,2023-08-30 18:16:13,AXPOS
182,5653442984,2,1243900,SALE,1,0182018210193268,2023-08-30 18:16:13,AXPOS
183,5653442033,1,1255550,SALE,1,0183018310093815,2023-08-30 11:00:50,AXPOS
183,5653442131,1,1224170,RETURN,1,0183018310093816,2023-08-30 11:49:26,AXPOS
183,5653442132,2,1222051,RETURN,1,0183018310093816,2023-08-30 11:49:26,AXPOS
183,5653442133,3,1129393,RETURN,1,0183018310093816,2023-08-30 11:49:26,AXPOS
183,5653442134,4,1130444,RETURN,1,0183018310093816,2023-08-30 11:49:26,AXPOS
183,5653442318,1,1271017,SALE,1,0183018310093817,2023-08-30 12:27:25,AXPOS
183,5653442319,2,1267573,SALE,1,0183018310093817,2023-08-30 12:27:25,AXPOS
183,5653442320,3,1277557,SALE,1,0183018310093817,2023-08-30 12:27:25,AXPOS
183,5653442321,4,1281748,SALE,1,0183018310093817,2023-08-30 12:27:25,AXPOS
183,5653442322,5,1277564,SALE,1,0183018310093817,2023-08-30 12:27:25,AXPOS
183,5653442323,6,1273044,SALE,1,0183018310093817,2023-08-30 12:27:25,AXPOS
183,5653442324,7,1269612,SALE,1,0183018310093817,2023-08-30 12:27:25,AXPOS
183,5653442325,8,1269407,SALE,1,0183018310093817,2023-08-30 12:27:25,AXPOS
183,5653442326,9,1271515,SALE,1,0183018310093817,2023-08-30 12:27:25,AXPOS
183,5653443456,1,1270964,SALE,1,0183018310093818,2023-08-30 14:06:31,AXPOS
183,5653442712,1,1215022,RETURN,1,0183018310093819,2023-08-30 14:28:51,AXPOS
183,5653442713,2,1255974,SALE,1,0183018310093819,2023-08-30 14:28:51,AXPOS
183,5653442714,1,1198204,SALE,1,0183018310093820,2023-08-30 14:42:13,AXPOS
183,5653442715,1,1267594,SALE,1,0183018310093821,2023-08-30 14:48:56,AXPOS
183,5653442716,2,1277562,SALE,1,0183018310093821,2023-08-30 14:48:56,AXPOS
183,5653442717,3,1270965,SALE,1,0183018310093821,2023-08-30 14:48:56,AXPOS
183,5653442776,1,1266119,SALE,1,0183018310093822,2023-08-30 15:09:59,AXPOS
183,5653442777,1,1266061,SALE,1,0183018310093823,2023-08-30 15:18:13,AXPOS
183,5653442969,1,1256010,SALE,1,0183018310093824,2023-08-30 17:41:15,AXPOS
183,5653442970,1,1281693,SALE,1,0183018310093825,2023-08-30 17:43:28,AXPOS
183,5653442971,2,1256746,SALE,1,0183018310093825,2023-08-30 17:43:28,AXPOS
183,5653442972,3,1256788,SALE,1,0183018310093825,2023-08-30 17:43:28,AXPOS
183,5653442973,4,1256816,SALE,1,0183018310093825,2023-08-30 17:43:28,AXPOS
183,5653442974,1,1265330,SALE,1,0183018310093826,2023-08-30 17:49:03,AXPOS
183,5653442975,2,1249427,SALE,1,0183018310093826,2023-08-30 17:49:03,AXPOS
183,5653442976,1,1252422,SALE,1,0183018310093827,2023-08-30 17:50:29,AXPOS
184,5653442612,1,1242601,RETURN,1,0184018410073382,2023-08-30 09:34:38,AXPOS
184,5653442613,2,1242608,RETURN,1,0184018410073382,2023-08-30 09:34:38,AXPOS
184,5653442614,3,1271009,RETURN,1,0184018410073382,2023-08-30 09:34:38,AXPOS
184,5653442615,4,1262665,SALE,1,0184018410073382,2023-08-30 09:34:38,AXPOS
184,5653442515,1,1270976,RETURN,1,0184018410073384,2023-08-30 13:08:11,AXPOS
184,5653442757,1,1264035,SALE,1,0184018410073385,2023-08-30 14:53:38,AXPOS
184,5653442758,2,1280765,SALE,1,0184018410073385,2023-08-30 14:53:38,AXPOS
184,5653442888,1,1264950,RETURN,1,0184018410073386,2023-08-30 15:24:58,AXPOS
184,5653443518,1,1258922,SALE,1,0184018410073388,2023-08-30 16:17:14,AXPOS
184,5653443519,1,1280765,RETURN,1,0184018420007592,2023-08-30 16:19:35,AXPOS
185,5653441950,1,1167773,SALE,1,0185018510098290,2023-08-30 09:45:26,AXPOS
185,5653441951,1,1167773,RETURN,1,0185018520098235,2023-08-30 09:46:02,AXPOS
186,5653443434,1,1263459,SALE,1,0186018610064231,2023-08-30 14:25:24,AXPOS
186,5653442761,1,1186812,SALE,1,0186018610064232,2023-08-30 14:33:36,AXPOS
186,5653442762,2,1186826,SALE,1,0186018610064232,2023-08-30 14:33:36,AXPOS
186,5653442763,3,1260602,SALE,1,0186018610064232,2023-08-30 14:33:36,AXPOS
186,5653442764,4,1268384,SALE,1,0186018610064232,2023-08-30 14:33:36,AXPOS
186,5653442765,5,1267119,SALE,1,0186018610064232,2023-08-30 14:33:36,AXPOS
187,5653442127,1,1261037,SALE,1,018787-110025055,2023-08-30 11:42:25,AXPOS
187,5653442475,1,1270315,SALE,1,018787-110025056,2023-08-30 13:20:46,AXPOS
187,5653442476,1,1266415,SALE,1,018787-110025057,2023-08-30 13:21:56,AXPOS
187,5653442477,2,1217010,SALE,1,018787-110025057,2023-08-30 13:21:56,AXPOS
187,5653442478,3,1266982,SALE,1,018787-110025057,2023-08-30 13:21:56,AXPOS
188,5653442631,1,1259637,SALE,1,0188018810062802,2023-08-30 10:42:30,AXPOS
188,5653442632,2,1258856,SALE,1,0188018810062802,2023-08-30 10:42:30,AXPOS
188,5653443564,1,1278918,SALE,1,0188018810062803,2023-08-30 17:00:53,AXPOS
188,5653443565,2,1274180,SALE,1,0188018810062803,2023-08-30 17:00:53,AXPOS
189,5653442034,1,1261643,SALE,1,0189018910112142,2023-08-30 11:16:56,AXPOS
189,5653442035,2,1207787,SALE,1,0189018910112142,2023-08-30 11:16:56,AXPOS
189,5653442036,3,1281766,SALE,1,0189018910112142,2023-08-30 11:16:56,AXPOS
189,5653442037,4,1192412,SALE,1,0189018910112142,2023-08-30 11:16:56,AXPOS
189,5653442038,5,1267536,SALE,1,0189018910112142,2023-08-30 11:16:56,AXPOS
189,5653442039,6,1281752,SALE,1,0189018910112142,2023-08-30 11:16:56,AXPOS
189,5653442123,1,1267586,SALE,1,0189018910112144,2023-08-30 11:33:38,AXPOS
189,5653442124,2,1269986,SALE,1,0189018910112144,2023-08-30 11:33:38,AXPOS
189,5653442226,1,1281701,SALE,1,0189018910112145,2023-08-30 11:57:49,AXPOS
189,5653442230,1,1208227,SALE,1,0189018910112147,2023-08-30 12:10:09,AXPOS
189,5653442231,2,1231580,SALE,1,0189018910112147,2023-08-30 12:10:09,AXPOS
189,5653442232,1,1281527,SALE,1,0189018910112148,2023-08-30 12:11:51,AXPOS
189,5653442233,1,1267659,SALE,1,0189018910112149,2023-08-30 12:14:30,AXPOS
189,5653442234,1,1266086,SALE,1,0189018910112150,2023-08-30 12:16:20,AXPOS
189,5653442237,1,1243872,SALE,1,0189018910112151,2023-08-30 12:23:08,AXPOS
189,5653442332,1,1144489,SALE,1,0189018910112152,2023-08-30 12:25:11,AXPOS
189,5653442333,1,1270178,SALE,1,0189018910112153,2023-08-30 12:28:33,AXPOS
189,5653442334,2,1272205,SALE,1,0189018910112153,2023-08-30 12:28:33,AXPOS
189,5653442336,4,1243591,SALE,1,0189018910112153,2023-08-30 12:28:33,AXPOS
189,5653442337,1,1193969,SALE,1,0189018910112154,2023-08-30 12:32:37,AXPOS
189,5653442338,2,1267658,SALE,1,0189018910112154,2023-08-30 12:32:37,AXPOS
189,5653442339,3,1236162,SALE,1,0189018910112154,2023-08-30 12:32:37,AXPOS
189,5653442340,1,1267636,SALE,1,0189018910112155,2023-08-30 12:35:04,AXPOS
189,5653442341,2,1267658,SALE,1,0189018910112155,2023-08-30 12:35:04,AXPOS
189,5653442342,3,1193970,SALE,1,0189018910112155,2023-08-30 12:35:04,AXPOS
189,5653442343,4,1281687,SALE,1,0189018910112155,2023-08-30 12:35:04,AXPOS
189,5653442344,1,1270095,SALE,1,0189018910112156,2023-08-30 12:38:29,AXPOS
189,5653442345,2,1255585,SALE,1,0189018910112156,2023-08-30 12:38:29,AXPOS
189,5653442346,1,1269418,SALE,1,0189018910112157,2023-08-30 12:40:13,AXPOS
189,5653442347,1,1281764,SALE,1,0189018910112158,2023-08-30 12:41:08,AXPOS
189,5653442348,1,1281753,SALE,1,0189018910112159,2023-08-30 12:42:26,AXPOS
189,5653442349,2,1281767,SALE,1,0189018910112159,2023-08-30 12:42:26,AXPOS
189,5653442350,3,1270123,SALE,1,0189018910112159,2023-08-30 12:42:26,AXPOS
189,5653442351,4,1256198,SALE,1,0189018910112159,2023-08-30 12:42:26,AXPOS
189,5653442352,1,1265666,SALE,1,0189018910112160,2023-08-30 12:46:23,AXPOS
189,5653442460,1,1269984,SALE,1,0189018910112161,2023-08-30 12:54:38,AXPOS
189,5653442461,2,1281766,SALE,1,0189018910112161,2023-08-30 12:54:38,AXPOS
189,5653442462,3,1267584,SALE,1,0189018910112161,2023-08-30 12:54:38,AXPOS
189,5653442463,4,1267598,SALE,1,0189018910112161,2023-08-30 12:54:38,AXPOS
189,5653442464,5,1255493,SALE,1,0189018910112161,2023-08-30 12:54:38,AXPOS
189,5653442465,6,1269945,SALE,1,0189018910112161,2023-08-30 12:54:38,AXPOS
189,5653442466,7,1256407,SALE,1,0189018910112161,2023-08-30 12:54:38,AXPOS
189,5653442467,8,1247212,SALE,1,0189018910112161,2023-08-30 12:54:38,AXPOS
189,5653442468,9,1265330,SALE,1,0189018910112161,2023-08-30 12:54:38,AXPOS
189,5653442469,1,1271446,SALE,1,0189018910112162,2023-08-30 13:02:37,AXPOS
189,5653442470,1,1257427,SALE,1,0189018910112163,2023-08-30 13:07:35,AXPOS
189,5653442471,1,1273041,SALE,1,0189018910112164,2023-08-30 13:09:28,AXPOS
189,5653442473,1,1255472,SALE,1,0189018910112165,2023-08-30 13:19:27,AXPOS
189,5653442474,1,1256207,SALE,1,0189018910112166,2023-08-30 13:23:07,AXPOS
189,5653442596,1,1266157,SALE,1,0189018910112167,2023-08-30 13:30:19,AXPOS
189,5653442597,2,1266122,SALE,1,0189018910112167,2023-08-30 13:30:19,AXPOS
189,5653442598,3,1265331,SALE,1,0189018910112167,2023-08-30 13:30:19,AXPOS
189,5653442599,1,1271104,SALE,1,0189018910112168,2023-08-30 13:46:31,AXPOS
189,5653442600,1,1271454,SALE,1,0189018910112169,2023-08-30 13:48:41,AXPOS
189,5653442601,2,1233397,SALE,1,0189018910112169,2023-08-30 13:48:41,AXPOS
189,5653442602,3,1233826,SALE,1,0189018910112169,2023-08-30 13:48:41,AXPOS
189,5653443407,1,1268859,SALE,1,0189018910112170,2023-08-30 13:54:12,AXPOS
189,5653443408,2,1265328,SALE,1,0189018910112170,2023-08-30 13:54:12,AXPOS
189,5653443409,3,1193967,SALE,1,0189018910112170,2023-08-30 13:54:12,AXPOS
189,5653443412,1,1281769,SALE,1,0189018910112172,2023-08-30 14:15:37,AXPOS
189,5653443413,1,1269966,SALE,1,0189018910112173,2023-08-30 14:21:34,AXPOS
189,5653443414,2,1269943,SALE,1,0189018910112173,2023-08-30 14:21:34,AXPOS
189,5653443415,3,1268232,SALE,1,0189018910112173,2023-08-30 14:21:34,AXPOS
189,5653442727,1,1268759,SALE,1,0189018910112175,2023-08-30 14:38:28,AXPOS
189,5653442728,2,1193967,SALE,1,0189018910112175,2023-08-30 14:38:28,AXPOS
189,5653442729,1,1269397,SALE,1,0189018910112176,2023-08-30 14:39:53,AXPOS
189,5653442731,2,1225203,SALE,1,0189018910112177,2023-08-30 14:46:26,AXPOS
189,5653442732,3,1267640,SALE,1,0189018910112177,2023-08-30 14:46:26,AXPOS
189,5653442733,4,1192262,SALE,1,0189018910112177,2023-08-30 14:46:26,AXPOS
189,5653442734,1,1253325,SALE,1,0189018910112178,2023-08-30 14:50:53,AXPOS
189,5653442798,1,1266620,SALE,1,0189018910112179,2023-08-30 15:02:50,AXPOS
189,5653442799,1,1273848,SALE,1,0189018910112180,2023-08-30 15:03:42,AXPOS
189,5653442800,2,1268344,SALE,1,0189018910112180,2023-08-30 15:03:42,AXPOS
189,5653442801,3,1263806,SALE,1,0189018910112180,2023-08-30 15:03:42,AXPOS
189,5653442860,1,1268411,SALE,1,0189018910112181,2023-08-30 15:24:44,AXPOS
189,5653443487,1,1271733,SALE,1,0189018910112182,2023-08-30 15:55:18,AXPOS
189,5653443488,2,1256410,SALE,1,0189018910112182,2023-08-30 15:55:18,AXPOS
189,5653443489,1,1249504,SALE,1,0189018910112183,2023-08-30 16:03:27,AXPOS
189,5653443490,2,1281764,SALE,1,0189018910112183,2023-08-30 16:03:27,AXPOS
189,5653443491,1,1261633,RETURN,1,0189018910112184,2023-08-30 16:13:57,AXPOS
189,5653443492,2,1261632,SALE,1,0189018910112184,2023-08-30 16:13:57,AXPOS
189,5653442925,1,1270963,SALE,1,0189018910112185,2023-08-30 16:50:14,AXPOS
189,5653442926,2,1265293,SALE,1,0189018910112185,2023-08-30 16:50:14,AXPOS
189,5653443548,1,1281679,SALE,1,0189018910112186,2023-08-30 16:54:49,AXPOS
189,5653443549,2,1267598,SALE,1,0189018910112186,2023-08-30 16:54:49,AXPOS
189,5653443550,3,1263738,SALE,1,0189018910112186,2023-08-30 16:54:49,AXPOS
189,5653443551,4,1265704,SALE,1,0189018910112186,2023-08-30 16:54:49,AXPOS
189,5653443552,5,1255493,SALE,1,0189018910112186,2023-08-30 16:54:49,AXPOS
189,5653443553,1,1256465,SALE,1,0189018910112187,2023-08-30 16:59:45,AXPOS
189,5653442957,1,1243285,SALE,1,0189018910112188,2023-08-30 17:23:31,AXPOS
189,5653442958,2,1265331,SALE,1,0189018910112188,2023-08-30 17:23:31,AXPOS
189,5653442959,3,1256031,SALE,1,0189018910112188,2023-08-30 17:23:31,AXPOS
189,5653442960,1,1256590,SALE,1,0189018910112189,2023-08-30 17:27:29,AXPOS
189,5653442961,1,1267584,SALE,1,0189018910112190,2023-08-30 17:28:55,AXPOS
189,5653442962,2,1281693,SALE,1,0189018910112190,2023-08-30 17:28:55,AXPOS
189,5653442963,3,1267591,SALE,1,0189018910112190,2023-08-30 17:28:55,AXPOS
189,5653442964,1,1267515,SALE,1,0189018910112191,2023-08-30 17:41:10,AXPOS
189,5653442235,1,1263806,RETURN,1,0189018920003825,2023-08-30 12:19:07,AXPOS
189,5653442236,2,1263468,RETURN,1,0189018920003825,2023-08-30 12:19:07,AXPOS
189,5653442472,1,1252891,RETURN,1,0189018920003826,2023-08-30 13:12:46,AXPOS
189,5653442861,1,1268926,RETURN,1,0189018920003827,2023-08-30 15:36:25,AXPOS
190,5653442644,1,1247578,SALE,1,0190019010069054,2023-08-30 10:51:14,AXPOS
190,5653442385,1,1268787,SALE,1,0190019010069055,2023-08-30 12:25:22,AXPOS
190,5653442752,1,1147837,SALE,1,0190019010069057,2023-08-30 14:26:17,AXPOS
190,5653442785,1,1260602,SALE,1,0190019010069058,2023-08-30 14:56:23,AXPOS
190,5653442786,2,1167814,SALE,1,0190019010069058,2023-08-30 14:56:23,AXPOS
190,5653442787,3,1167758,SALE,1,0190019010069058,2023-08-30 14:56:23,AXPOS
190,5653442788,4,1274363,SALE,1,0190019010069058,2023-08-30 14:56:23,AXPOS
192,5653443380,1,1265283,SALE,1,019292-110035288,2023-08-30 14:05:42,AXPOS
192,5653442692,1,1265966,SALE,1,019292-110035289,2023-08-30 14:30:17,AXPOS
192,5653442693,2,1266155,SALE,1,019292-110035289,2023-08-30 14:30:17,AXPOS
192,5653442694,1,1267659,SALE,1,019292-110035290,2023-08-30 14:37:25,AXPOS
192,5653442695,2,1268397,SALE,1,019292-110035290,2023-08-30 14:37:25,AXPOS
192,5653442696,3,1227387,SALE,1,019292-110035290,2023-08-30 14:37:25,AXPOS
192,5653442697,1,1243619,SALE,1,019292-110035291,2023-08-30 14:45:04,AXPOS
192,5653443475,1,1256263,SALE,1,019292-110035292,2023-08-30 16:10:39,AXPOS
192,5653442986,2,1256263,SALE,1,019292-110035293,2023-08-30 17:48:18,AXPOS
192,5653442987,1,1271117,SALE,1,019292-110035294,2023-08-30 18:23:05,AXPOS
192,5653442988,2,1261640,SALE,1,019292-110035294,2023-08-30 18:23:05,AXPOS
192,5653442989,3,1271090,SALE,1,019292-110035294,2023-08-30 18:23:05,AXPOS
192,5653443581,1,1273044,SALE,1,019292-110035295,2023-08-30 18:31:55,AXPOS
192,5653443582,1,1214643,SALE,1,019292-110035296,2023-08-30 18:53:39,AXPOS
192,5653443590,1,1271408,SALE,1,019292-110035297,2023-08-30 19:22:12,AXPOS
192,5653442103,1,1265082,RETURN,1,019292-120002195,2023-08-30 11:28:21,AXPOS
193,5653442029,1,1201271,SALE,1,0193019310118208,2023-08-30 11:23:29,AXPOS
193,5653442121,1,1271512,SALE,1,0193019310118209,2023-08-30 11:53:13,AXPOS
193,5653443383,1,1266882,SALE,1,0193019310118210,2023-08-30 14:01:03,AXPOS
193,5653443384,2,1256744,SALE,1,0193019310118210,2023-08-30 14:01:03,AXPOS
193,5653443385,3,1281679,SALE,1,0193019310118210,2023-08-30 14:01:03,AXPOS
193,5653443386,1,1253825,SALE,1,0193019310118211,2023-08-30 14:19:23,AXPOS
193,5653443482,1,1232942,SALE,1,0193019310118213,2023-08-30 15:57:43,AXPOS
193,5653442991,1,1267536,RETURN,1,0193019310118214,2023-08-30 18:09:01,AXPOS
193,5653442992,2,1267515,RETURN,1,0193019310118214,2023-08-30 18:09:01,AXPOS
193,5653442993,3,1263497,RETURN,1,0193019310118214,2023-08-30 18:09:01,AXPOS
193,5653442994,4,1263497,SALE,1,0193019310118214,2023-08-30 18:09:01,AXPOS
193,5653442995,5,1267515,SALE,1,0193019310118214,2023-08-30 18:09:01,AXPOS
193,5653442996,6,1267536,SALE,1,0193019310118214,2023-08-30 18:09:01,AXPOS
193,5653442997,1,1256429,SALE,1,0193019310118215,2023-08-30 18:20:39,AXPOS
194,5653442418,1,1252889,SALE,1,0194019410082280,2023-08-30 12:24:48,AXPOS
194,5653442419,2,1262052,SALE,1,0194019410082280,2023-08-30 12:24:48,AXPOS
194,5653442420,3,1231130,SALE,1,0194019410082280,2023-08-30 12:24:48,AXPOS
194,5653442421,4,1231116,SALE,1,0194019410082280,2023-08-30 12:24:48,AXPOS
194,5653442520,1,1269161,RETURN,1,0194019410082282,2023-08-30 13:06:33,AXPOS
194,5653442521,2,1269167,SALE,1,0194019410082282,2023-08-30 13:06:33,AXPOS
194,5653443455,1,1280763,SALE,1,0194019410082283,2023-08-30 14:21:13,AXPOS
194,5653443466,1,1233014,SALE,1,0194019410082284,2023-08-30 14:32:10,AXPOS
194,5653443593,1,1167763,SALE,1,0194019410082285,2023-08-30 19:02:18,AXPOS
194,5653443594,2,1260607,SALE,1,0194019410082285,2023-08-30 19:02:18,AXPOS
194,5653443595,3,1268389,SALE,1,0194019410082285,2023-08-30 19:02:18,AXPOS
195,5653442358,1,1273284,SALE,1,0195019510047669,2023-08-30 12:36:37,AXPOS
195,5653442359,1,1278483,SALE,1,0195019510047670,2023-08-30 12:45:13,AXPOS
195,5653442360,2,1233748,SALE,1,0195019510047670,2023-08-30 12:45:13,AXPOS
195,5653443416,1,1260500,SALE,1,0195019510047671,2023-08-30 14:23:50,AXPOS
195,5653443417,2,1258432,SALE,2,0195019510047671,2023-08-30 14:23:50,AXPOS
195,5653441971,1,1262002,RETURN,1,0195019520004303,2023-08-30 10:13:45,AXPOS
195,5653441972,2,1250807,SALE,1,0195019520004303,2023-08-30 10:13:45,AXPOS
196,5653442040,1,1261495,SALE,1,0196019610045026,2023-08-30 11:11:48,AXPOS
196,5653442361,1,1273408,SALE,1,0196019610045027,2023-08-30 12:34:01,AXPOS
196,5653442362,2,1271187,SALE,1,0196019610045027,2023-08-30 12:34:01,AXPOS
196,5653443418,1,1261506,SALE,1,0196019610045028,2023-08-30 14:18:05,AXPOS
196,5653443419,2,1261492,SALE,1,0196019610045028,2023-08-30 14:18:05,AXPOS
196,5653443420,3,1188027,SALE,1,0196019610045028,2023-08-30 14:18:05,AXPOS
196,5653443421,4,1160578,SALE,1,0196019610045028,2023-08-30 14:18:05,AXPOS
196,5653443483,1,1271007,RETURN,1,0196019610045029,2023-08-30 16:05:10,AXPOS
196,5653443484,2,1263523,SALE,1,0196019610045029,2023-08-30 16:05:10,AXPOS
197,5653441813,1,1272668,RETURN,1,0197019710028510,2023-08-30 09:37:27,AXPOS
197,5653441814,2,1240139,RETURN,1,0197019710028510,2023-08-30 09:37:27,AXPOS
197,5653441815,3,1266499,RETURN,1,0197019710028510,2023-08-30 09:37:27,AXPOS
197,5653441816,4,1269901,RETURN,1,0197019710028510,2023-08-30 09:37:27,AXPOS
197,5653441817,5,1247842,SALE,1,0197019710028510,2023-08-30 09:37:27,AXPOS
197,5653441818,6,1268485,SALE,1,0197019710028510,2023-08-30 09:37:27,AXPOS
197,5653441819,7,1271917,SALE,1,0197019710028510,2023-08-30 09:37:27,AXPOS
197,5653442507,1,1220992,SALE,1,0197019710028511,2023-08-30 13:23:08,AXPOS
198,5653441811,1,1270898,RETURN,1,0198019810043641,2023-08-30 09:40:08,AXPOS
198,5653441812,2,1270892,SALE,1,0198019810043641,2023-08-30 09:40:08,AXPOS
198,5653442750,1,1188034,SALE,1,0198019810043643,2023-08-30 14:34:29,AXPOS
198,5653442751,1,1258804,SALE,1,0198019810043644,2023-08-30 14:42:04,AXPOS
199,5653442207,1,1218744,SALE,1,0199019910035193,2023-08-30 12:17:51,AXPOS
199,5653442667,1,1266131,RETURN,1,0199019910035194,2023-08-30 13:27:14,AXPOS
199,5653442668,2,1266130,SALE,1,0199019910035194,2023-08-30 13:27:14,AXPOS
212,5653442147,1,1217136,SALE,1,0212021210027801,2023-08-30 11:48:26,AXPOS
212,5653442148,2,1250270,SALE,1,0212021210027801,2023-08-30 11:48:26,AXPOS
212,5653442149,3,1216199,SALE,1,0212021210027801,2023-08-30 11:48:26,AXPOS
212,5653442150,4,1221044,SALE,1,0212021210027801,2023-08-30 11:48:26,AXPOS
212,5653442371,1,1186742,RETURN,1,0212021210027802,2023-08-30 12:28:05,AXPOS
212,5653442372,2,1186745,SALE,1,0212021210027802,2023-08-30 12:28:05,AXPOS
212,5653442373,1,1216965,SALE,1,0212021210027803,2023-08-30 12:49:11,AXPOS
212,5653442923,1,1261308,RETURN,1,0212021210027804,2023-08-30 16:43:45,AXPOS
212,5653442208,1,1264796,RETURN,1,0212021220002685,2023-08-30 12:04:56,AXPOS
213,5653441973,1,1212672,SALE,1,0213021310025671,2023-08-30 10:13:50,AXPOS
213,5653441974,2,1265612,SALE,1,0213021310025671,2023-08-30 10:13:50,AXPOS
213,5653441975,3,1265559,SALE,1,0213021310025671,2023-08-30 10:13:50,AXPOS
213,5653442146,1,1259278,SALE,1,0213021310025672,2023-08-30 11:50:33,AXPOS
213,5653443422,1,1265975,SALE,1,0213021310025673,2023-08-30 14:03:32,AXPOS
213,5653443423,2,1218712,SALE,1,0213021310025673,2023-08-30 14:03:32,AXPOS
213,5653442211,1,1267259,SALE,1,021313-110015655,2023-08-30 12:22:50,AXPOS
213,5653442363,1,1164886,SALE,1,021313-110015656,2023-08-30 12:30:12,AXPOS
213,5653442368,1,1272720,SALE,1,021313-110015658,2023-08-30 12:52:57,AXPOS
213,5653442369,2,1186752,SALE,1,021313-110015658,2023-08-30 12:52:57,AXPOS
213,5653442370,3,1239298,SALE,1,021313-110015658,2023-08-30 12:52:57,AXPOS
214,5653442804,1,1270897,SALE,1,0214021410035595,2023-08-30 15:12:37,AXPOS
214,5653443499,1,1246391,SALE,1,0214021410035597,2023-08-30 15:58:07,AXPOS
216,5653442431,1,1147795,SALE,1,0216021610034092,2023-08-30 12:32:29,AXPOS
216,5653443373,1,1269849,SALE,1,0216021610034093,2023-08-30 13:38:26,AXPOS
216,5653443435,1,1265675,RETURN,1,0216021620001173,2023-08-30 14:09:39,AXPOS
216,5653443436,2,1264021,RETURN,1,0216021620001173,2023-08-30 14:09:39,AXPOS
216,5653443437,3,1268170,SALE,1,0216021620001173,2023-08-30 14:09:39,AXPOS
221,5653441830,1,1271748,SALE,1,0221022110053919,2023-08-30 09:39:28,AXPOS
221,5653441978,1,1273457,SALE,1,0221022110053922,2023-08-30 10:02:38,AXPOS
221,5653441979,2,1269428,SALE,1,0221022110053922,2023-08-30 10:02:38,AXPOS
221,5653441980,3,1263500,SALE,1,0221022110053922,2023-08-30 10:02:38,AXPOS
221,5653441981,4,1281689,SALE,1,0221022110053922,2023-08-30 10:02:38,AXPOS
221,5653441982,5,1263734,SALE,1,0221022110053922,2023-08-30 10:02:38,AXPOS
221,5653441983,6,1269421,SALE,1,0221022110053922,2023-08-30 10:02:38,AXPOS
221,5653442652,1,1266117,SALE,1,0221022110053924,2023-08-30 10:28:01,AXPOS
221,5653442653,1,1264815,SALE,1,0221022110053925,2023-08-30 10:53:20,AXPOS
221,5653442172,1,1281696,SALE,1,0221022110053926,2023-08-30 11:30:20,AXPOS
221,5653442173,2,1267594,SALE,1,0221022110053926,2023-08-30 11:30:20,AXPOS
221,5653442174,3,1281682,SALE,1,0221022110053926,2023-08-30 11:30:20,AXPOS
221,5653442175,1,1265358,SALE,1,0221022110053927,2023-08-30 11:35:09,AXPOS
221,5653442176,1,1222002,SALE,1,0221022110053928,2023-08-30 11:37:25,AXPOS
221,5653442276,1,1269017,SALE,1,0221022110053929,2023-08-30 12:11:12,AXPOS
221,5653442277,2,1281771,SALE,1,0221022110053929,2023-08-30 12:11:12,AXPOS
221,5653442278,3,1281750,SALE,1,0221022110053929,2023-08-30 12:11:12,AXPOS
221,5653442281,1,1185536,SALE,1,0221022110053930,2023-08-30 12:15:56,AXPOS
221,5653442287,1,1267598,SALE,1,0221022110053931,2023-08-30 12:20:11,AXPOS
221,5653442378,1,1271570,SALE,1,0221022110053932,2023-08-30 12:28:32,AXPOS
221,5653442379,2,1269398,SALE,1,0221022110053932,2023-08-30 12:28:32,AXPOS
221,5653442380,1,1256614,SALE,1,0221022110053933,2023-08-30 12:46:02,AXPOS
221,5653442508,1,1281770,SALE,1,0221022110053934,2023-08-30 13:16:28,AXPOS
221,5653442509,1,1266077,SALE,1,0221022110053935,2023-08-30 13:17:52,AXPOS
221,5653442510,2,1265704,SALE,1,0221022110053935,2023-08-30 13:17:52,AXPOS
221,5653442579,1,1246681,SALE,1,0221022110053936,2023-08-30 13:30:43,AXPOS
221,5653442580,1,1274505,SALE,1,0221022110053937,2023-08-30 13:34:21,AXPOS
221,5653442581,1,1223266,SALE,1,0221022110053938,2023-08-30 13:39:17,AXPOS
221,5653442753,1,1267590,SALE,1,0221022110053939,2023-08-30 14:32:01,AXPOS
221,5653442756,1,1267637,SALE,1,0221022110053941,2023-08-30 14:55:01,AXPOS
221,5653442806,2,1218252,SALE,1,0221022110053942,2023-08-30 14:59:40,AXPOS
221,5653443573,1,1281762,SALE,1,0221022110053945,2023-08-30 17:06:38,AXPOS
221,5653443587,1,1281529,SALE,1,0221022110053947,2023-08-30 18:28:29,AXPOS
221,5653443588,2,1273901,SALE,1,0221022110053947,2023-08-30 18:28:29,AXPOS
221,5653443589,3,1183944,SALE,1,0221022110053947,2023-08-30 18:28:29,AXPOS
221,5653442279,1,1269022,SALE,1,022121-110014609,2023-08-30 12:12:18,AXPOS
221,5653442280,2,1269015,SALE,1,022121-110014609,2023-08-30 12:12:18,AXPOS
221,5653442282,1,1271526,SALE,2,022121-110014610,2023-08-30 12:13:45,AXPOS
221,5653442283,2,1263497,SALE,1,022121-110014610,2023-08-30 12:13:45,AXPOS
221,5653442284,3,1267522,SALE,1,022121-110014610,2023-08-30 12:13:45,AXPOS
221,5653442285,4,1265288,SALE,1,022121-110014610,2023-08-30 12:13:45,AXPOS
221,5653442286,1,1268343,SALE,1,022121-110014611,2023-08-30 12:17:53,AXPOS
221,5653442288,1,1268542,SALE,1,022121-110014612,2023-08-30 12:20:27,AXPOS
221,5653442289,1,1271530,SALE,1,022121-110014613,2023-08-30 12:21:37,AXPOS
221,5653442290,2,1255476,SALE,1,022121-110014613,2023-08-30 12:21:37,AXPOS
221,5653442291,1,1271448,SALE,1,022121-110014614,2023-08-30 12:23:15,AXPOS
221,5653442292,2,1273983,SALE,1,022121-110014614,2023-08-30 12:23:15,AXPOS
222,5653442151,1,1267686,SALE,1,0222022210034535,2023-08-30 11:42:06,AXPOS
222,5653442152,2,1271749,SALE,1,0222022210034535,2023-08-30 11:42:06,AXPOS
222,5653442214,1,1237032,SALE,1,0222022210034536,2023-08-30 12:01:39,AXPOS
222,5653442215,1,1267657,SALE,1,0222022210034537,2023-08-30 12:05:09,AXPOS
222,5653442216,2,1255176,SALE,1,0222022210034537,2023-08-30 12:05:09,AXPOS
222,5653442217,3,1275443,SALE,1,0222022210034537,2023-08-30 12:05:09,AXPOS
222,5653442218,1,1267685,SALE,1,0222022210034538,2023-08-30 12:11:45,AXPOS
222,5653442219,1,1266302,SALE,1,0222022210034539,2023-08-30 12:18:35,AXPOS
222,5653442220,1,1256821,SALE,1,0222022210034540,2023-08-30 12:22:47,AXPOS
222,5653442381,1,1265332,SALE,1,0222022210034541,2023-08-30 12:30:47,AXPOS
222,5653442382,2,1275443,SALE,1,0222022210034541,2023-08-30 12:30:47,AXPOS
222,5653442569,1,1213966,SALE,1,0222022210034543,2023-08-30 13:34:21,AXPOS
222,5653442570,1,1235068,SALE,1,0222022210034544,2023-08-30 13:35:42,AXPOS
222,5653442571,2,1231310,SALE,1,0222022210034544,2023-08-30 13:35:42,AXPOS
222,5653442572,1,1256502,SALE,1,0222022210034545,2023-08-30 13:38:34,AXPOS
222,5653442573,1,1249430,SALE,1,0222022210034546,2023-08-30 13:41:02,AXPOS
222,5653442574,2,1256647,SALE,1,0222022210034546,2023-08-30 13:41:02,AXPOS
222,5653442575,3,1256651,SALE,1,0222022210034546,2023-08-30 13:41:02,AXPOS
222,5653442576,4,1275443,SALE,1,0222022210034546,2023-08-30 13:41:02,AXPOS
223,5653441991,1,1269780,SALE,1,0223022310040012,2023-08-30 10:13:17,AXPOS
223,5653442094,1,1254131,SALE,1,0223022310040013,2023-08-30 11:06:03,AXPOS
223,5653442766,1,1274510,RETURN,1,0223022320002009,2023-08-30 14:52:36,AXPOS
225,5653442047,1,1264006,SALE,1,0225022510007386,2023-08-30 11:20:16,AXPOS
225,5653442251,1,1269577,SALE,1,0225022510007387,2023-08-30 11:55:23,AXPOS
225,5653442533,1,1271973,SALE,1,0225022510007388,2023-08-30 13:07:54,AXPOS
225,5653442534,2,1267063,SALE,1,0225022510007388,2023-08-30 13:07:54,AXPOS
225,5653443442,1,1279184,SALE,1,0225022510007389,2023-08-30 14:09:47,AXPOS
225,5653443462,1,1262593,SALE,1,0225022510007390,2023-08-30 14:26:17,AXPOS
225,5653442812,1,1274325,SALE,1,0225022510007391,2023-08-30 15:09:28,AXPOS
225,5653443528,1,1232203,SALE,1,0225022510007392,2023-08-30 16:33:05,AXPOS
225,5653442252,1,1258274,RETURN,1,0225022520000732,2023-08-30 12:01:46,AXPOS
226,5653442878,1,1258850,RETURN,1,0226022610003400,2023-08-30 15:49:49,AXPOS
227,5653441849,1,1186812,SALE,1,0227022710002856,2023-08-30 10:15:24,AXPOS
227,5653442409,1,1269804,RETURN,1,0227022720000496,2023-08-30 12:34:58,AXPOS
228,5653441843,1,1260602,SALE,1,0228022810009843,2023-08-30 09:44:32,AXPOS
228,5653442649,1,1279192,RETURN,1,0228022810009844,2023-08-30 10:25:06,AXPOS
228,5653442650,2,1279193,SALE,1,0228022810009844,2023-08-30 10:25:06,AXPOS
228,5653442440,1,1271917,SALE,1,0228022810009846,2023-08-30 12:42:22,AXPOS
228,5653442678,1,1250217,SALE,1,0228022810009847,2023-08-30 13:45:27,AXPOS
228,5653443454,1,1258055,SALE,1,0228022810009848,2023-08-30 13:58:18,AXPOS
228,5653443465,1,1274255,SALE,1,0228022810009849,2023-08-30 14:43:46,AXPOS
228,5653442827,1,1280766,SALE,1,0228022810009850,2023-08-30 15:19:11,AXPOS
228,5653442828,1,1270849,SALE,1,0228022810009851,2023-08-30 15:23:00,AXPOS
228,5653442829,2,1251544,SALE,1,0228022810009851,2023-08-30 15:23:00,AXPOS
228,5653442830,3,1270842,SALE,1,0228022810009851,2023-08-30 15:23:00,AXPOS
228,5653442902,1,1160563,SALE,1,0228022810009852,2023-08-30 15:36:16,AXPOS
228,5653442903,2,1147823,SALE,1,0228022810009852,2023-08-30 15:36:16,AXPOS
228,5653442904,3,1147802,SALE,1,0228022810009852,2023-08-30 15:36:16,AXPOS
228,5653443511,1,1258890,SALE,1,0228022810009853,2023-08-30 16:20:58,AXPOS
228,5653443512,2,1272683,SALE,1,0228022810009853,2023-08-30 16:20:58,AXPOS
228,5653442943,1,1261218,RETURN,1,0228022810009854,2023-08-30 16:38:05,AXPOS
228,5653442944,2,1188026,RETURN,1,0228022810009854,2023-08-30 16:38:05,AXPOS
228,5653442945,3,1261219,SALE,1,0228022810009854,2023-08-30 16:38:05,AXPOS
228,5653442946,4,1188027,SALE,1,0228022810009854,2023-08-30 16:38:05,AXPOS
228,5653442651,1,1272399,RETURN,1,0228022820001224,2023-08-30 10:43:14,AXPOS
228,5653442050,1,1261962,RETURN,1,0228022820001225,2023-08-30 11:07:34,AXPOS
228,5653442052,3,1258976,RETURN,1,0228022820001225,2023-08-30 11:07:34,AXPOS
228,5653442053,4,1265577,SALE,1,0228022820001225,2023-08-30 11:07:34,AXPOS
228,5653442054,1,1274089,RETURN,1,0228022820001226,2023-08-30 11:15:20,AXPOS
228,5653443464,1,1258891,RETURN,1,0228022820001227,2023-08-30 14:41:08,AXPOS
229,5653441998,1,1271017,SALE,1,022929-110030049,2023-08-30 10:40:26,AXPOS
229,5653441999,2,1271529,SALE,1,022929-110030049,2023-08-30 10:40:26,AXPOS
229,5653442041,1,1266308,SALE,1,022929-110030050,2023-08-30 11:08:06,AXPOS
229,5653442153,1,1281766,SALE,1,022929-110030051,2023-08-30 11:30:44,AXPOS
229,5653442154,2,1267570,SALE,1,022929-110030051,2023-08-30 11:30:44,AXPOS
229,5653442155,1,1268424,SALE,1,022929-110030052,2023-08-30 11:35:15,AXPOS
229,5653442374,1,1268926,SALE,1,022929-110030053,2023-08-30 12:43:32,AXPOS
229,5653442375,1,1265283,SALE,1,022929-110030054,2023-08-30 12:44:52,AXPOS
229,5653442376,2,1265293,SALE,1,022929-110030054,2023-08-30 12:44:52,AXPOS
229,5653442377,3,1269785,SALE,1,022929-110030054,2023-08-30 12:44:52,AXPOS
229,5653442561,1,1268924,SALE,1,022929-110030055,2023-08-30 13:36:41,AXPOS
229,5653442562,1,1144489,RETURN,1,022929-110030056,2023-08-30 13:42:21,AXPOS
229,5653442563,2,1267072,RETURN,1,022929-110030056,2023-08-30 13:42:21,AXPOS
229,5653442564,3,1267078,RETURN,1,022929-110030056,2023-08-30 13:42:21,AXPOS
229,5653442565,4,1267079,SALE,1,022929-110030056,2023-08-30 13:42:21,AXPOS
229,5653442566,5,1273488,SALE,1,022929-110030056,2023-08-30 13:42:21,AXPOS
229,5653442567,6,1273457,SALE,1,022929-110030056,2023-08-30 13:42:21,AXPOS
229,5653443424,1,1260312,SALE,1,022929-110030057,2023-08-30 14:06:06,AXPOS
229,5653443425,1,1272772,SALE,1,022929-110030058,2023-08-30 14:08:20,AXPOS
229,5653443426,1,1255640,SALE,1,022929-110030059,2023-08-30 14:10:01,AXPOS
229,5653443427,2,1265667,SALE,1,022929-110030059,2023-08-30 14:10:01,AXPOS
229,5653443461,1,1268954,SALE,1,022929-110030060,2023-08-30 14:51:45,AXPOS
229,5653442808,1,1255446,SALE,1,022929-110030061,2023-08-30 14:55:54,AXPOS
229,5653442809,2,1265078,SALE,1,022929-110030061,2023-08-30 14:55:54,AXPOS
230,5653442212,1,1267076,SALE,1,0230023010029714,2023-08-30 12:02:02,AXPOS
230,5653443428,1,1217677,SALE,1,0230023010029715,2023-08-30 14:12:18,AXPOS
230,5653443500,1,1266375,SALE,1,0230023010029716,2023-08-30 16:02:01,AXPOS
230,5653443501,1,1271248,SALE,1,0230023010029717,2023-08-30 16:15:47,AXPOS
230,5653443502,2,1270952,SALE,1,0230023010029717,2023-08-30 16:15:47,AXPOS
230,5653443527,1,1257403,SALE,1,0230023010029719,2023-08-30 16:37:29,AXPOS
230,5653443574,1,1264755,SALE,1,0230023010029720,2023-08-30 16:56:24,AXPOS
231,5653442043,1,1255643,SALE,1,0231023110007051,2023-08-30 11:19:48,AXPOS
231,5653442402,1,1268337,RETURN,1,0231023110007052,2023-08-30 12:17:55,AXPOS
231,5653442404,3,1275751,SALE,1,0231023110007052,2023-08-30 12:17:55,AXPOS
231,5653442405,1,1265706,SALE,1,0231023110007053,2023-08-30 12:48:37,AXPOS
232,5653442898,1,1277748,RETURN,1,0232023210003745,2023-08-30 15:37:30,AXPOS
232,5653442899,2,1277736,SALE,1,0232023210003745,2023-08-30 15:37:30,AXPOS
232,5653442900,1,1268548,SALE,1,0232023210003746,2023-08-30 15:52:33,AXPOS
234,5653442004,1,1256033,SALE,1,0234023410003620,2023-08-30 10:31:34,AXPOS
234,5653442005,1,1243830,SALE,1,0234023410003621,2023-08-30 10:34:20,AXPOS
234,5653442006,1,1255991,SALE,1,0234023410003622,2023-08-30 10:36:28,AXPOS
234,5653442007,2,1271049,SALE,1,0234023410003622,2023-08-30 10:36:28,AXPOS
234,5653442008,1,1257068,SALE,1,0234023410003623,2023-08-30 10:52:40,AXPOS
234,5653442009,2,1256733,SALE,1,0234023410003623,2023-08-30 10:52:40,AXPOS
234,5653442010,3,1268426,SALE,1,0234023410003623,2023-08-30 10:52:40,AXPOS
234,5653442061,1,1267582,SALE,1,0234023410003624,2023-08-30 11:03:57,AXPOS
234,5653442062,2,1281686,SALE,1,0234023410003624,2023-08-30 11:03:57,AXPOS
234,5653442063,1,1264983,SALE,3,0234023410003625,2023-08-30 11:05:47,AXPOS
234,5653442064,1,1228830,SALE,1,0234023410003626,2023-08-30 11:21:29,AXPOS
234,5653442183,1,1246994,SALE,1,0234023410003627,2023-08-30 11:30:07,AXPOS
234,5653442184,1,1269059,SALE,1,0234023410003628,2023-08-30 11:42:35,AXPOS
234,5653442185,2,1269066,SALE,1,0234023410003628,2023-08-30 11:42:35,AXPOS
234,5653442223,1,1266962,SALE,1,0234023410003629,2023-08-30 12:17:20,AXPOS
234,5653442547,2,1266159,SALE,1,0234023410003630,2023-08-30 12:40:17,AXPOS
234,5653442548,3,1273899,SALE,1,0234023410003630,2023-08-30 12:40:17,AXPOS
234,5653442549,4,1256204,SALE,1,0234023410003630,2023-08-30 12:40:17,AXPOS
234,5653442550,1,1267587,SALE,1,0234023410003631,2023-08-30 13:02:53,AXPOS
234,5653442823,1,1227211,RETURN,1,0234023410003632,2023-08-30 15:03:17,AXPOS
234,5653442824,2,1254624,RETURN,1,0234023410003632,2023-08-30 15:03:17,AXPOS
234,5653442825,3,1273918,SALE,1,0234023410003632,2023-08-30 15:03:17,AXPOS
234,5653442826,4,1220270,SALE,1,0234023410003632,2023-08-30 15:03:17,AXPOS
234,5653443529,1,1256426,SALE,1,0234023410003633,2023-08-30 16:47:13,AXPOS
234,5653443530,2,1271715,SALE,1,0234023410003633,2023-08-30 16:47:13,AXPOS
235,5653442011,1,1222325,SALE,1,0235023510002002,2023-08-30 10:25:52,AXPOS
235,5653442012,1,1222325,RETURN,1,0235023510002003,2023-08-30 10:45:49,AXPOS
235,5653442013,2,1272399,SALE,1,0235023510002003,2023-08-30 10:45:49,AXPOS
235,5653442014,1,1213863,RETURN,1,0235023510002004,2023-08-30 10:49:00,AXPOS
235,5653442015,2,1167815,RETURN,1,0235023510002004,2023-08-30 10:49:00,AXPOS
235,5653442016,3,1167787,RETURN,1,0235023510002004,2023-08-30 10:49:00,AXPOS
235,5653442017,4,1213865,SALE,1,0235023510002004,2023-08-30 10:49:00,AXPOS
235,5653442018,5,1167814,SALE,1,0235023510002004,2023-08-30 10:49:00,AXPOS
235,5653442019,6,1167786,SALE,1,0235023510002004,2023-08-30 10:49:00,AXPOS
235,5653442907,1,1264497,RETURN,1,0235023510002005,2023-08-30 15:32:42,AXPOS
235,5653442908,2,1267161,SALE,1,0235023510002005,2023-08-30 15:32:42,AXPOS
235,5653442911,3,1273823,SALE,1,0235023510002006,2023-08-30 15:34:43,AXPOS
236,5653443450,1,1271188,SALE,1,0236023610001554,2023-08-30 14:07:38,AXPOS
236,5653442912,1,1167759,SALE,1,0236023610001555,2023-08-30 15:44:34,AXPOS
236,5653442913,2,1268385,SALE,1,0236023610001555,2023-08-30 15:44:34,AXPOS
236,5653442914,3,1167815,SALE,1,0236023610001555,2023-08-30 15:44:34,AXPOS
236,5653442915,4,1221562,SALE,1,0236023610001555,2023-08-30 15:44:34,AXPOS
236,5653442916,5,1186743,SALE,1,0236023610001555,2023-08-30 15:44:34,AXPOS
236,5653443532,1,1259039,SALE,1,0236023610001556,2023-08-30 16:25:42,AXPOS
236,5653443533,1,1270911,SALE,1,0236023610001557,2023-08-30 16:26:14,AXPOS
603,5653442171,1,1268600,SALE,1,0603060310010436,2023-08-30 11:35:52,AXPOS
603,5653442511,1,1274750,SALE,1,0603060310010437,2023-08-30 13:07:39,AXPOS
603,5653442044,1,1263525,RETURN,1,0603060320001437,2023-08-30 11:07:59,AXPOS
604,5653442213,1,1224831,SALE,1,0604060410017243,2023-08-30 12:17:07,AXPOS
604,5653442522,1,1255182,SALE,1,0604060410017244,2023-08-30 13:20:04,AXPOS
604,5653442560,1,1255563,SALE,1,0604060410017245,2023-08-30 13:43:09,AXPOS
604,5653443575,1,1251289,SALE,1,0604060410017246,2023-08-30 17:22:56,AXPOS
604,5653443576,2,1273020,SALE,1,0604060410017246,2023-08-30 17:22:56,AXPOS
606,5653442177,1,1272606,SALE,1,0606060610009051,2023-08-30 11:26:10,AXPOS
606,5653442178,1,1147823,SALE,1,0606060610009052,2023-08-30 11:35:33,AXPOS
606,5653442179,2,1147802,SALE,1,0606060610009052,2023-08-30 11:35:33,AXPOS
606,5653442180,1,1216200,SALE,1,0606060610009053,2023-08-30 11:44:31,AXPOS
606,5653442181,1,1263791,SALE,1,0606060610009054,2023-08-30 11:51:29,AXPOS
606,5653442432,1,1266039,SALE,1,0606060610009055,2023-08-30 12:28:19,AXPOS
606,5653443457,1,1223220,SALE,1,0606060610009057,2023-08-30 14:20:43,AXPOS
606,5653443458,2,1267143,SALE,1,0606060610009057,2023-08-30 14:20:43,AXPOS
606,5653443459,3,1260514,SALE,1,0606060610009057,2023-08-30 14:20:43,AXPOS
606,5653443460,4,1258430,SALE,1,0606060610009057,2023-08-30 14:20:43,AXPOS
606,5653442833,1,1268829,SALE,1,0606060610009058,2023-08-30 14:57:09,AXPOS
606,5653443531,1,1253161,SALE,1,0606060610009059,2023-08-30 16:45:31,AXPOS
606,5653442648,1,1267022,RETURN,1,0606060620000741,2023-08-30 10:41:48,AXPOS
606,5653442897,1,1261456,RETURN,1,0606060620000742,2023-08-30 15:45:41,AXPOS
608,5653442102,1,1221425,SALE,1,0608060810007294,2023-08-30 11:05:34,AXPOS
608,5653442270,1,1147861,SALE,1,0608060810007295,2023-08-30 12:09:13,AXPOS
608,5653442271,1,1241151,SALE,1,0608060810007296,2023-08-30 12:12:09,AXPOS
608,5653442272,1,1273823,SALE,1,0608060810007297,2023-08-30 12:13:18,AXPOS
608,5653442273,1,1267913,SALE,1,0608060810007298,2023-08-30 12:15:08,AXPOS
608,5653442274,1,1188026,SALE,1,0608060810007299,2023-08-30 12:16:37,AXPOS
608,5653442441,1,1270889,SALE,1,0608060810007301,2023-08-30 12:25:12,AXPOS
608,5653442442,2,1209250,SALE,1,0608060810007301,2023-08-30 12:25:12,AXPOS
608,5653442542,1,1271951,SALE,1,0608060810007302,2023-08-30 13:08:54,AXPOS
608,5653442543,1,1269584,SALE,1,0608060810007303,2023-08-30 13:18:48,AXPOS
608,5653442685,1,1269230,SALE,1,0608060810007304,2023-08-30 13:45:36,AXPOS
608,5653442686,2,1270891,SALE,1,0608060810007304,2023-08-30 13:45:36,AXPOS
608,5653442687,3,1167758,SALE,1,0608060810007304,2023-08-30 13:45:36,AXPOS
608,5653443003,1,1267633,SALE,1,0608060810007307,2023-08-30 17:58:23,AXPOS
608,5653443004,2,1223743,SALE,1,0608060810007307,2023-08-30 17:58:23,AXPOS
608,5653443005,3,1250968,SALE,1,0608060810007307,2023-08-30 17:58:23,AXPOS
608,5653443472,1,1267633,RETURN,1,0608060820000867,2023-08-30 15:17:12,AXPOS
608,5653443473,2,1223743,RETURN,1,0608060820000867,2023-08-30 15:17:12,AXPOS
608,5653443474,3,1250968,RETURN,1,0608060820000867,2023-08-30 15:17:12,AXPOS
608,5653443006,1,1267633,RETURN,1,0608060820000868,2023-08-30 18:02:33,AXPOS
608,5653443007,2,1223743,RETURN,1,0608060820000868,2023-08-30 18:02:33,AXPOS
608,5653443008,3,1250968,RETURN,1,0608060820000868,2023-08-30 18:02:33,AXPOS
612,5653442577,1,1275177,SALE,1,0612061210004077,2023-08-30 13:30:10,AXPOS
612,5653442578,1,1270835,SALE,1,0612061210004078,2023-08-30 13:39:18,AXPOS
612,5653443579,1,1166810,SALE,1,0612061210004079,2023-08-30 17:21:05,AXPOS
612,5653442966,1,1191786,SALE,1,0612061210004080,2023-08-30 17:51:07,AXPOS
612,5653442967,2,1250287,SALE,1,0612061210004080,2023-08-30 17:51:07,AXPOS
616,5653442182,1,1235401,SALE,1,0616061610015361,2023-08-30 11:45:30,AXPOS
616,5653442528,1,1248584,SALE,1,0616061610015362,2023-08-30 12:59:36,AXPOS
616,5653442529,2,1254282,SALE,1,0616061610015362,2023-08-30 12:59:36,AXPOS
616,5653442530,3,1254002,SALE,1,0616061610015362,2023-08-30 12:59:36,AXPOS
616,5653442531,4,1249787,SALE,1,0616061610015362,2023-08-30 12:59:36,AXPOS
616,5653442532,1,1249819,SALE,1,0616061610015363,2023-08-30 13:04:01,AXPOS
616,5653442582,1,1268097,SALE,1,0616061610015364,2023-08-30 13:34:02,AXPOS
616,5653442583,2,1263504,SALE,1,0616061610015364,2023-08-30 13:34:02,AXPOS
616,5653442584,3,1271742,SALE,1,0616061610015364,2023-08-30 13:34:02,AXPOS
616,5653442585,4,1273892,SALE,1,0616061610015364,2023-08-30 13:34:02,AXPOS
616,5653442586,1,1235354,SALE,1,0616061610015365,2023-08-30 13:36:54,AXPOS
616,5653442587,1,1248203,SALE,1,0616061610015366,2023-08-30 13:37:55,AXPOS
616,5653442588,1,1271710,SALE,1,0616061610015367,2023-08-30 13:40:43,AXPOS
616,5653443441,1,1233372,SALE,1,0616061610015368,2023-08-30 14:14:11,AXPOS
616,5653442810,1,1256427,SALE,1,0616061610015369,2023-08-30 15:09:08,AXPOS
616,5653442937,1,1269960,SALE,1,0616061610015370,2023-08-30 16:25:55,AXPOS
616,5653442938,2,1269946,SALE,1,0616061610015370,2023-08-30 16:25:55,AXPOS
616,5653443577,1,1254804,SALE,1,0616061610015371,2023-08-30 17:07:48,AXPOS
616,5653443578,1,1266873,SALE,1,0616061610015372,2023-08-30 17:09:49,AXPOS
616,5653443584,1,1271113,SALE,1,0616061610015373,2023-08-30 18:52:22,AXPOS
616,5653443585,2,1271017,SALE,1,0616061610015373,2023-08-30 18:52:22,AXPOS
616,5653443596,1,1273248,SALE,1,0616061610015374,2023-08-30 19:06:01,AXPOS
616,5653443597,2,1269405,SALE,1,0616061610015374,2023-08-30 19:06:01,AXPOS
616,5653443598,1,1256421,SALE,1,0616061610015375,2023-08-30 19:13:53,AXPOS
616,5653442055,1,1270835,RETURN,1,0616061620000723,2023-08-30 11:14:23,AXPOS
616,5653443583,1,1250620,RETURN,1,0616061620000724,2023-08-30 18:49:35,AXPOS
617,5653441992,1,1271127,SALE,1,0617061710009523,2023-08-30 10:04:39,AXPOS
617,5653441995,1,1214001,SALE,1,0617061710009525,2023-08-30 10:11:38,AXPOS
617,5653441996,2,1261157,SALE,1,0617061710009525,2023-08-30 10:11:38,AXPOS
617,5653442046,2,1262913,SALE,1,0617061710009526,2023-08-30 10:57:28,AXPOS
618,5653442048,1,1257521,SALE,1,0618061810013969,2023-08-30 11:17:09,AXPOS
618,5653442222,2,1257543,SALE,1,0618061810013970,2023-08-30 12:06:56,AXPOS
618,5653442399,1,1272468,SALE,1,0618061810013971,2023-08-30 12:32:48,AXPOS
618,5653442400,1,1209268,SALE,1,0618061810013972,2023-08-30 12:34:11,AXPOS
618,5653442401,2,1259234,SALE,1,0618061810013972,2023-08-30 12:34:11,AXPOS
618,5653442523,1,1268757,SALE,1,0618061810013973,2023-08-30 13:23:24,AXPOS
618,5653442524,2,1186745,SALE,1,0618061810013973,2023-08-30 13:23:24,AXPOS
618,5653442525,3,1267290,SALE,1,0618061810013973,2023-08-30 13:23:24,AXPOS
618,5653442526,4,1260737,SALE,1,0618061810013973,2023-08-30 13:23:24,AXPOS
618,5653442527,5,1260730,SALE,1,0618061810013973,2023-08-30 13:23:24,AXPOS
618,5653442811,1,1266425,SALE,1,0618061810013974,2023-08-30 15:20:37,AXPOS
618,5653442870,1,1271175,SALE,1,0618061810013976,2023-08-30 15:38:09,AXPOS
618,5653442872,3,1261001,SALE,1,0618061810013976,2023-08-30 15:38:09,AXPOS
618,5653442873,4,1275378,SALE,1,0618061810013976,2023-08-30 15:38:09,AXPOS
618,5653442875,6,1267899,SALE,1,0618061810013976,2023-08-30 15:38:09,AXPOS
618,5653442876,7,1270899,SALE,1,0618061810013976,2023-08-30 15:38:09,AXPOS
618,5653442977,1,1265548,RETURN,1,0618061810013977,2023-08-30 17:35:20,AXPOS
618,5653442978,2,1265452,RETURN,1,0618061810013977,2023-08-30 17:35:20,AXPOS
618,5653442979,3,1279193,SALE,1,0618061810013977,2023-08-30 17:35:20,AXPOS
618,5653442980,4,1274791,SALE,1,0618061810013977,2023-08-30 17:35:20,AXPOS
618,5653443510,1,1263542,RETURN,1,0618061820001397,2023-08-30 16:23:25,AXPOS
619,5653443463,1,1233748,SALE,1,0619061910002046,2023-08-30 14:45:20,AXPOS
620,5653442250,1,1260903,SALE,1,0620062010006370,2023-08-30 11:56:08,AXPOS
620,5653442540,1,1267929,SALE,1,0620062010006371,2023-08-30 13:08:36,AXPOS
620,5653443451,1,1258772,SALE,1,0620062010006372,2023-08-30 14:07:48,AXPOS
620,5653442813,1,1265606,SALE,1,0620062010006373,2023-08-30 15:17:01,AXPOS
620,5653442939,1,1272715,SALE,1,0620062010006374,2023-08-30 16:51:00,AXPOS
620,5653442940,2,1167617,SALE,1,0620062010006374,2023-08-30 16:51:00,AXPOS
620,5653442942,4,1125569,SALE,1,0620062010006374,2023-08-30 16:51:00,AXPOS
620,5653442188,1,1269826,RETURN,1,0620062020000841,2023-08-30 11:25:25,AXPOS
621,5653442049,1,1256252,SALE,1,0621062110014081,2023-08-30 10:57:03,AXPOS
621,5653442186,1,1267571,SALE,1,0621062110014082,2023-08-30 11:40:49,AXPOS
621,5653442253,1,1281680,SALE,1,0621062110014083,2023-08-30 12:07:37,AXPOS
621,5653442254,2,1267599,SALE,1,0621062110014083,2023-08-30 12:07:37,AXPOS
621,5653442255,1,1255629,SALE,1,0621062110014084,2023-08-30 12:22:22,AXPOS
621,5653442256,2,1267758,SALE,1,0621062110014084,2023-08-30 12:22:22,AXPOS
621,5653442537,3,1268407,SALE,1,0621062110014085,2023-08-30 12:46:01,AXPOS
621,5653442538,1,1268400,SALE,1,0621062110014086,2023-08-30 13:00:40,AXPOS
621,5653442539,1,1271749,SALE,1,0621062110014087,2023-08-30 13:17:27,AXPOS
621,5653442671,1,1255675,SALE,1,0621062110014088,2023-08-30 13:39:51,AXPOS
621,5653442820,3,1256589,SALE,1,0621062110014090,2023-08-30 14:57:53,AXPOS
621,5653442821,1,1267629,SALE,1,0621062110014091,2023-08-30 15:05:37,AXPOS
621,5653442822,1,1268853,SALE,1,0621062110014092,2023-08-30 15:07:34,AXPOS
621,5653442901,1,1243886,SALE,1,0621062110014093,2023-08-30 15:46:15,AXPOS
621,5653443516,4,1272015,SALE,1,0621062110014094,2023-08-30 16:13:51,AXPOS
621,5653443517,5,1274505,SALE,1,0621062110014094,2023-08-30 16:13:51,AXPOS
621,5653442935,1,1265964,SALE,1,0621062110014095,2023-08-30 16:43:08,AXPOS
621,5653442936,1,1266304,SALE,1,0621062110014096,2023-08-30 16:45:12,AXPOS
621,5653442998,1,1255510,SALE,1,0621062110014097,2023-08-30 17:56:14,AXPOS
621,5653442999,1,1268403,SALE,1,0621062110014098,2023-08-30 17:57:20,AXPOS
623,5653442095,1,1260752,RETURN,1,0623062320000124,2023-08-30 11:20:16,AXPOS
623,5653442096,2,1251336,RETURN,1,0623062320000124,2023-08-30 11:20:16,AXPOS
625,5653442541,1,1269052,SALE,1,0625062510007290,2023-08-30 12:57:12,AXPOS
625,5653442672,1,1268092,SALE,1,0625062510007291,2023-08-30 13:39:34,AXPOS
625,5653443452,1,1256430,SALE,1,0625062510007292,2023-08-30 13:56:21,AXPOS
625,5653443453,1,1243884,SALE,1,0625062510007293,2023-08-30 13:59:56,AXPOS
626,5653442000,1,1267666,SALE,1,0626062610003767,2023-08-30 10:42:13,AXPOS
626,5653442001,2,1267660,SALE,1,0626062610003767,2023-08-30 10:42:13,AXPOS
626,5653442002,3,1267667,SALE,1,0626062610003767,2023-08-30 10:42:13,AXPOS
626,5653442003,4,1267688,SALE,1,0626062610003767,2023-08-30 10:42:13,AXPOS
626,5653442056,1,1264663,SALE,1,0626062610003768,2023-08-30 11:08:21,AXPOS
626,5653442057,2,1281766,SALE,1,0626062610003768,2023-08-30 11:08:21,AXPOS
626,5653442058,3,1281752,SALE,1,0626062610003768,2023-08-30 11:08:21,AXPOS
626,5653442059,4,1265666,SALE,1,0626062610003768,2023-08-30 11:08:21,AXPOS
626,5653442060,5,1275443,SALE,1,0626062610003768,2023-08-30 11:08:21,AXPOS
626,5653442258,1,1267077,SALE,1,0626062610003769,2023-08-30 12:05:39,AXPOS
626,5653442410,1,1265358,SALE,1,0626062610003770,2023-08-30 12:29:31,AXPOS
626,5653442411,2,1184673,SALE,1,0626062610003770,2023-08-30 12:29:31,AXPOS
626,5653442412,3,1255642,SALE,1,0626062610003770,2023-08-30 12:29:31,AXPOS
626,5653442413,4,1275443,SALE,1,0626062610003770,2023-08-30 12:29:31,AXPOS
626,5653442414,1,1265358,SALE,1,0626062610003771,2023-08-30 12:31:36,AXPOS
626,5653442415,1,1264587,SALE,1,0626062610003772,2023-08-30 12:47:50,AXPOS
626,5653442416,2,1255642,SALE,1,0626062610003772,2023-08-30 12:47:50,AXPOS
626,5653442417,3,1275443,SALE,1,0626062610003772,2023-08-30 12:47:50,AXPOS
626,5653442544,1,1269765,SALE,1,0626062610003773,2023-08-30 13:18:34,AXPOS
626,5653442545,1,1268925,SALE,1,0626062610003774,2023-08-30 13:19:33,AXPOS
626,5653442677,1,1281680,SALE,1,0626062610003775,2023-08-30 13:53:16,AXPOS
626,5653443444,1,1274504,SALE,1,0626062610003776,2023-08-30 13:57:38,AXPOS
626,5653443445,1,1269987,SALE,1,0626062610003777,2023-08-30 14:15:12,AXPOS
626,5653443446,2,1269980,SALE,1,0626062610003777,2023-08-30 14:15:12,AXPOS
626,5653442981,1,1267601,SALE,1,0626062610003778,2023-08-30 17:25:41,AXPOS
626,5653442982,2,1265358,SALE,1,0626062610003778,2023-08-30 17:25:41,AXPOS
627,5653442654,1,1202549,SALE,1,0627062710001551,2023-08-30 10:51:35,AXPOS
627,5653442293,1,1217129,RETURN,1,0627062710001552,2023-08-30 12:23:35,AXPOS
627,5653442294,2,1147850,SALE,1,0627062710001552,2023-08-30 12:23:35,AXPOS
627,5653443467,1,1213959,SALE,1,0627062710001553,2023-08-30 15:02:01,AXPOS
627,5653443521,1,1221525,SALE,1,0627062710001554,2023-08-30 16:02:20,AXPOS
630,5653442259,1,1257123,SALE,1,0630063010002409,2023-08-30 11:54:50,AXPOS
630,5653442428,1,1225212,SALE,1,0630063010002410,2023-08-30 12:33:35,AXPOS
630,5653442735,1,1255644,SALE,1,0630063010002411,2023-08-30 14:54:22,AXPOS
630,5653442814,1,1250473,SALE,1,0630063010002412,2023-08-30 15:20:33,AXPOS
630,5653442815,2,1233826,SALE,1,0630063010002412,2023-08-30 15:20:33,AXPOS
630,5653443599,1,1227919,SALE,1,0630063010002413,2023-08-30 19:28:58,AXPOS
631,5653442257,1,1273769,SALE,1,0631063110000728,2023-08-30 12:22:16,AXPOS
631,5653442682,1,1268029,RETURN,1,0631063110000730,2023-08-30 13:39:27,AXPOS
631,5653442834,1,1260498,SALE,1,0631063110000731,2023-08-30 15:03:45,AXPOS
631,5653442835,2,1260435,SALE,1,0631063110000731,2023-08-30 15:03:45,AXPOS
631,5653442836,3,1167585,SALE,1,0631063110000731,2023-08-30 15:03:45,AXPOS
633,5653442189,1,1265882,SALE,1,0633063310000680,2023-08-30 11:27:00,AXPOS
633,5653442190,1,1264890,SALE,1,0633063310000681,2023-08-30 11:28:05,AXPOS
633,5653442422,1,1265410,RETURN,1,0633063310000682,2023-08-30 12:26:39,AXPOS
633,5653442423,2,1265412,SALE,1,0633063310000682,2023-08-30 12:26:39,AXPOS
633,5653442425,2,1258490,SALE,1,0633063310000683,2023-08-30 12:30:23,AXPOS
633,5653442426,1,1265882,RETURN,1,0633063310000684,2023-08-30 12:31:58,AXPOS
633,5653442427,2,1265880,SALE,1,0633063310000684,2023-08-30 12:31:58,AXPOS
633,5653442831,1,1265672,RETURN,1,0633063310000685,2023-08-30 15:12:18,AXPOS
633,5653442832,2,1265673,SALE,1,0633063310000685,2023-08-30 15:12:18,AXPOS
