{
  "cust_id": "KM-CUS1",
  "account_id": "KM-ACC1",
  "sourceSystem": "888",
  "eventId": "GUID888888888",
  "eventName": "account_details_updated",
  "eventDate": "2023-03-01T09:45:43+01:00",
  "account_limits": [
    {
      "id": 111111,
      "limit_scope": "SB",
      "limit_status": "A",
      "limit_status_reason": " Activated on Registration ",
      "limit_availability_status": "LR",
      "limit_availability_status_reason": "Deposit Limit Reached for this Period",
      "limit_type": "DEP",
      "limit_subtype": "PDL",
      "limit_amount": 30.00,
      "limit_agg_amount": 25.00,
      "limit_remaining_amount": 5.00,
      "limit_ccy": "GB",
      "limit_period_class": "D",
      "limit_period_name_default": "Personal Daily Deposit Limit",
      "limit_period_time_qty": "24",
      "limit_period_time_unit": "H",
      "limit_period_window_type": "SL",
      "is_customer_visibile": "Y",
      "can_customer_change": "Y",
      "can_customer_change_now": "N",
      "next_available_date": "2023-03-03T09:45:43+01:00",
      "created": "2023-02-23T14:45:43+01:00",
      "created_by": "Customer",
      "created_by_reason": "Registration",
      "last_updated": "2023-03-01T09:45:43+01:00",
      "last_updated_by": "System",
      "last_updated_reason": "limit_agg_amount,limit_remaining_amount updated"
    },
    {
      "id": 222222,
      "limit_scope": "SB",
      "limit_status": "A",
      "limit_status_reason": " Activated on Registration ",
      "limit_availability_status": "LR",
      "limit_availability_status_reason": "Deposit Limit Reached for this Period",
      "limit_type": "DEP",
      "limit_subtype": "PDL",
      "limit_amount": 100.00,
      "limit_agg_amount": 100.00,
      "limit_remaining_amount": 0.00,
      "limit_ccy": "GB",
      "limit_period_class": "W",
      "limit_period_name_default": "Personal Weekly Deposit Limit",
      "limit_period_time_qty": 1,
      "limit_period_time_unit": "W",
      "limit_period_window_type": "SL",
      "is_customer_visibile": "Y",
      "can_customer_change": "Y",
      "can_customer_change_now": "N",
      "next_available_date": "2023-03-03T09:45:43+01:00",
      "created": "2023-02-28T10:45:43+01:00",
      "created_by": "Customer",
      "created_by_reason": "ControlCentre",
      "last_updated": "2023-03-01T09:45:43+01:00",
      "last_updated_by": "System",
      "last_updated_reason": "limit_agg_amount,limit_remaining_amount updated"
    },
    {
      "id": 333333,
      "limit_scope": "SB",
      "limit_status": "A",
      "limit_status_reason": " Activated from ControlCentre ",
      "limit_availability_status": "LNR",
      "limit_availability_status_reason": "Deposit Limit NOT reach for this Period",
      "limit_type": "DEP",
      "limit_subtype": "PDL",
      "limit_amount": 250.00,
      "limit_agg_amount": 100.00,
      "limit_remaining_amount": 0.00,
      "limit_ccy": "GB",
      "limit_period_class": "M",
      "limit_period_name_default": "Personal Monthly Deposit Limit",
      "limit_period_time_qty": 1,
      "limit_period_time_unit": "M",
      "limit_period_window_type": "SL",
      "is_customer_visibile": "Y",
      "can_customer_change": "Y",
      "can_customer_change_now": "N",
      "next_available_date": "2023-03-03T09:45:43+01:00",
      "created": "2023-02-28T10:45:43+01:00",
      "created_by": "Customer",
      "created_by_reason": "ControlCentre",
      "last_updated": "2023-03-01T09:45:43+01:00",
      "last_updated_by": "System",
      "last_updated_reason": "limit_agg_amount,limit_remaining_amount updated"
    }
  ]
}