{
  "CID":705595249,
  "RegistrationTime":"2020-07-01T04:34:53.7796631Z",
  "BrandId":58,
  "RegulationTypeId":2,
  "RegistrationCountry":"ESP",
  "RegistrationCountryOfIP":"ROU",
  "Serial":"486415",
  "SubBrandId":82,
  "ProductPackage":88,
  "WeeklyLimitAmount":null,
  "MonthlyLimitAmount":null,
  "DailyLimitAmount":null,
  "HardwareId":0,
  "Email":"AutojKDIKT@gmail.com",
  "UserName":"Auto6YgfE",
  "FirstName":"AutojKDIKT",
  "LastName":"AutojKDIKT",
  "DOB":"1990-12-12T00:00:00",
  "City":"Madrid",
  "IsTestAccount":true,
  "RegistrationMethod":1,
  "IsMigrated":false,
  "BankrollCurrencyIsoAlpha3":"EUR",
  "Gender":1,
  "MobileNumber":"972525684197",
  "RegistrationIP":"85.9.60.26",
  "UserAgent":"Mozilla/5.0 (Windows NT 10.0; Win64; x64) AppleWebKit/537.36 (KHTML, like Gecko) Chrome/83.0.4103.116 Safari/537.36",
  "EventID":"835a6a8e-d29f-47ce-baf1-98ba2c064022",
  "SessionID":"vdxqobh2zggx5jrqmz04wyfq",
  "RegistrationSessionID":"1d227bec-49ec-4f69-8e64-7db30c11de55",
  "BrandOrigCID":705595249,
  "BrandOrigSerial":"486415",
  "TestData":"{\"referrer\":\"NULL\",\"orig-lp\":\\https://mirage-888poker.images4us.com/en/abc_pages/abc_scut_cwc_tbbs/abc_scut_cwc_tbbs.htm\\,\"dl\":\"19520\",\"dlp\":\\https://mirage-orbit-latest-eu.888casino.com/\\,\"RegFullVisitorID\":\"vdxqobh2zggx5jrqmz04wyfq\"}"
}