{
  "AccountCurrencyISOId": 1,
  "AccountLimits": [
    {
      "LastUpdateTime": "2023-05-01 01:01:41.813",
      "LimitOffering": 1,
      "LimitPeriodTypeId": 1,
      "LimitTypeId": 1,
      "NextFacilitateTime": "2023-05-01 01:01:41.813",
      "Value": 100
    }
  ],
  "AccountType": 1,
  "AcquisitionSerial": "",
  "Address": "",
  "AddressVerificationStatus": true,
  "AppID": "",
  "BankrollCurrencyISOAlpha3": "",
  "BankrollCurrencyISOId": 8,
  "BankrollCurrencyInternalId": 1,
  "BirthDate": "2023-05-01 01:01:41.813",
  "BlackListReason": 1,
  "BrandId": 1,
  "BusinessAddress": "",
  "BusinessEmployer": "",
  "BusinessMobileNumber": "",
  "CDDStatus": 1,
  "CDDStatusReasonId": 1,
  "Cid": 1,
  "CidDemo": 1,
  "CidReal": 1,
  "City": "",
  "CityOfBirthRegulationName": "",
  "ClientTypeId": 1,
  "ClosedExpirationDate": "2023-05-01 01:01:41.813",
  "CompleteRegistrationDate": "2023-05-01 01:01:41.813",
  "CountryISOAlpha3": "",
  "CountryId": 1,
  "CountryOfBirthRegulationName": "",
  "CountryOfNationalityIsoAlpha3": "",
  "CurrentClientVersion": "",
  "CurrentOrientationId": 1,
  "CurrentSerial": "",
  "CurrentSubBrandOrientation": 1,
  "DWHGameGroupOrientation": 1,
  "DaysToUploadDocument": 1,
  "DenyBonusType": 1,
  "DepositRemark": "",
  "DeviceID": "",
  "Email": "",
  "ExternalNickName": "",
  "ExternalUserID": "",
  "FTDSubBrand": 1,
  "Fax": "",
  "FirstDepositOrientationId": 1,
  "FirstName": "",
  "ForeignAddress": "",
  "ForeignCity": "",
  "ForeignFirstName": "",
  "ForeignLastName": "",
  "ForeignSecurityAnswer": "",
  "FunnelData": "",
  "GamStopLastResponse": 1,
  "GamStopLastResponseDate": "2023-05-01 01:01:41.813",
  "GamingCautionDetails": {
    "tbd": "tbd"
  },
  "GenderId": 1,
  "HardwareID": 1,
  "HasApprovedIdentificationDocument": true,
  "IBAN": "",
  "IdVerificationData": {
    "tbd": "tbd"
  },
  "IndustryId": 1,
  "InitialOrigCID": true,
  "InternalNickName": "",
  "IsAuthenticated": true,
  "IsCDDRequired": 1,
  "IsChatDenied": true,
  "IsDeniedForLoyalty": true,
  "IsDocUploadRequired": true,
  "IsEligibleForSignOnBonus": true,
  "IsEmailVerified": true,
  "IsInternalSERelated": true,
  "IsInternalSESource": true,
  "IsMobileFormatVerified": true,
  "IsMobileVerified": true,
  "IsOCDRequired": 1,
  "IsOccupationVerified": true,
  "IsPlayerInBlackList": true,
  "IsPromotionPermitted": true,
  "IsPromotionPermittedUpdateDate": "2023-05-01 01:01:41.813",
  "IsRegisteredInSport": true,
  "IsRegulatorSERelated": true,
  "IsRegulatorSESource": true,
  "IsRisky": true,
  "IsSecurityLocked": true,
  "IsSofProactive": true,
  "IsStrongAuthentication": true,
  "IsTestAccount": true,
  "IsVip": 1,
  "JoinDate": "2023-05-01 01:01:41.813",
  "LanguageISOAlpha3": "",
  "LanguageId": 1,
  "LastName": "",
  "LastName2": "",
  "LocationEnabledStatus": 1,
  "LoyaltyLevel": 1,
  "MFACommunicationChannel": 1,
  "MFAPincodeSentCounter": 1,
  "MaidenName": "",
  "MiddleName": "",
  "Mobile": "",
  "MobileVerificationSMSRetries": 1,
  "MoneyActivity": true,
  "NationalityId": 1,
  "NationalityName": "",
  "NewCid": 1,
  "NumberOfTaxIdDigitsSupplied": 1,
  "Occupation": "",
  "OccupationExtraData": "",
  "OccupationId": 1,
  "OperationalStatusChangeDate": "2023-05-01 01:01:41.813",
  "OperationalStatusId": 1,
  "OperationalStatusName": "",
  "OperationalStatusReasonChangeDate": "2023-05-01 01:01:41.813",
  "OperationalStatusReasonId": 1,
  "OperationalStatusReasonName": "",
  "OrigCid": 1,
  "OrigSerial": "",
  "OriginalClosedBrandName": "",
  "OriginalClosedPlayerId": 1,
  "OriginalSystemName": "",
  "OtherRemark": "",
  "P2PPlayerTypeId": 1,
  "PatronProfile": "",
  "PendingEmail": "",
  "PendingMobileNumber": "",
  "PhoneNumber": "",
  "PixelTrackingMode": 1,
  "PlaceOfBirth": "",
  "PostCode": "",
  "PreviousCid": 1,
  "ProfileID": 1,
  "PromotionCode": "",
  "RMStatusUpdateDate": "2023-05-01 01:01:41.813",
  "RealityCheckDataIntervalInMins": 1,
  "RegistrationCountry": "",
  "RegistrationIP": "",
  "RegistrationOrientationId": 1,
  "RegistrationProductPackage": 1,
  "RegistrationSessionId": "",
  "RegistrationStateOfIp": 1,
  "RegistrationStatusId": 1,
  "RegistrationSubBrand": 1,
  "RegulationPersonId": "",
  "RegulationStatusDate": "2023-05-01 01:01:41.813",
  "RegulationStatusId": 1,
  "RegulationStatusName": "",
  "RegulationStatusReasonId": 1,
  "RegulationStatusReasonName": "",
  "RegulationTypeId": 1,
  "RegulatorApprovalDate": "2023-05-01 01:01:41.813",
  "ResidentalAddress2": "",
  "RiskyPlayerIndication": 1,
  "SERequestedBy": 1,
  "SOFReason": 1,
  "SOFRemark": "",
  "SOFStatus": 1,
  "SecurityAnswer": "",
  "SecurityQuestionId": 1,
  "StateId": 1,
  "StateOfBirthRegulationName": "",
  "StatusGroupId": 1,
  "TaxId": "",
  "TestAccountEmployeeId": 1,
  "TestAccountType": 1,
  "UserName": "",
  "ZipCode": ""
}