{
  "BankName": "Bibit",
  "EventDateTime": "2023-05-01 01:01:41.813",
  "DepositAmountButton1": null,
  "BinIssuer": null,
  "TransactionStatus": "Authorized",
  "DepositAmountButton3": null,
  "DepositAmountButton2": null,
  "LoginIPAddress": 1426668570,
  "DepositGroupStatusID": 1,
  "IsSentTo3D": false,
  "DepositAmountButton5": null,
  "DepositAmountButton4": null,
  "DepositAmountBankrollCurrency": 100.0,
  "TransactionID": 1315717,
  "SubBrandID": 0,
  "IsFTD": true,
  "NumberOfDeposits": 1,
  "IsRerouted": false,
  "StatusReasonID": 17,
  "GaSessionId": null,
  "BankrollCurrency": "GBP",
  "GrantedPromotionsID": 90703,
  "IsFTDAdeposit": true,
  "MFTUnitID": 100089984,
  "PaymentPlatformID": 7,
  "BrandID": 0,
  "DepositClearingCurrency": 826,
  "CurrentSerial": "555555",
  "DeviceType": 3,
  "ID3DSVersion": null,
  "ProductPackageID": 88,
  "DepositRequestAmount": 100.0,
  "OSType": null,
  "DepositAmountUSD": 125.66,
  "EventID": "094d7ae2-0df7-4762-bf9f-d0028dbe07a8",
  "DepositApprovalDateTime": "2023-05-01 01:01:40.668",
  "BinCountry": null,
  "Browser": "Chrome112",
  "IsProcessed": true,
  "DepositRequestReference": "104401389624",
  "PromoCode": "",
  "TransactionStatusReason": "ApprovePreAuthTrans",
  "Is3DwithChallenged": false,
  "LocationCountry": "rou",
  "ExternalResponse": "AUTHORISED",
  "ExternalSubResponse": "",
  "DepositStatusChangeDateTime": "2023-05-01 01:01:41.798",
  "DepositRequestCurrencyISO": "GBP",
  "RiskManagementStatus": "NEW1",
  "DepositRequestID": 1538465,
  "FunnelData": null,
  "UserAgent": "Mozilla/5.0 (Windows NT 10.0; Win64; x64) AppleWebKit/537.36 (KHTML, like Gecko) Chrome/112.0.0.0 Safari/537.36",
  "StatusID": 1,
  "IsSoftDecline": false,
  "CashierType": "C2",
  "AccountID": 712205901,
  "DepositClearingAmount": 100.0,
  "Bin": "402323",
  "MFTID": 4,
  "IsPayPalInstantPayment": false,
  "PlayerSessionID": 2153469910,
  "DepositRequestCurrency": 826,
  "InternalReasonID": 43,
  "DepositRequestDateTime": "2023-05-01 01:01:37.477",
  "PSPName": "Bibit",
  "ErrorCode": null
}